AttendanceID,EmployeeID,CheckInTime,CheckOutTime,TotalHours
1,70,2025-04-15 21:22:18,2025-04-16 05:22:18,8.0
2,134,2025-05-16 21:22:18,2025-05-17 05:22:18,8.0
3,488,2025-05-27 21:22:18,2025-05-28 05:22:18,8.0
4,278,2025-06-09 21:22:18,2025-06-10 05:22:18,8.0
5,34,2025-05-17 21:22:18,2025-05-18 05:22:18,8.0
6,491,2025-04-28 21:22:18,2025-04-29 05:22:18,8.0
7,192,2025-04-04 21:22:18,2025-04-05 05:22:18,8.0
8,48,2025-05-20 21:22:18,2025-05-21 05:22:18,8.0
9,29,2025-05-21 21:22:18,2025-05-22 05:22:18,8.0
10,395,2025-06-09 21:22:18,2025-06-10 05:22:18,8.0
11,22,2025-04-01 21:22:18,2025-04-02 05:22:18,8.0
12,411,2025-03-12 21:22:18,2025-03-13 05:22:18,8.0
13,233,2025-05-06 21:22:18,2025-05-07 05:22:18,8.0
14,100,2025-05-07 21:22:18,2025-05-08 05:22:18,8.0
15,372,2025-04-06 21:22:18,2025-04-07 05:22:18,8.0
16,191,2025-06-06 21:22:18,2025-06-07 05:22:18,8.0
17,217,2025-03-22 21:22:18,2025-03-23 05:22:18,8.0
18,342,2025-03-17 21:22:18,2025-03-18 05:22:18,8.0
19,469,2025-06-17 21:22:18,2025-06-18 05:22:18,8.0
20,85,2025-04-21 21:22:18,2025-04-22 05:22:18,8.0
21,390,2025-03-27 21:22:18,2025-03-28 05:22:18,8.0
22,372,2025-03-19 21:22:18,2025-03-20 05:22:18,8.0
23,307,2025-04-21 21:22:18,2025-04-22 05:22:18,8.0
24,231,2025-03-13 21:22:18,2025-03-14 05:22:18,8.0
25,387,2025-04-26 21:22:18,2025-04-27 05:22:18,8.0
26,473,2025-05-06 21:22:18,2025-05-07 05:22:18,8.0
27,66,2025-04-26 21:22:18,2025-04-27 05:22:18,8.0
28,86,2025-03-17 21:22:18,2025-03-18 05:22:18,8.0
29,217,2025-05-04 21:22:18,2025-05-05 05:22:18,8.0
30,342,2025-06-14 21:22:18,2025-06-15 05:22:18,8.0
31,410,2025-05-19 21:22:18,2025-05-20 05:22:18,8.0
32,98,2025-06-15 21:22:18,2025-06-16 05:22:18,8.0
33,7,2025-03-28 21:22:18,2025-03-29 05:22:18,8.0
34,374,2025-06-03 21:22:18,2025-06-04 05:22:18,8.0
35,462,2025-06-02 21:22:18,2025-06-03 05:22:18,8.0
36,56,2025-05-24 21:22:18,2025-05-25 05:22:18,8.0
37,483,2025-04-02 21:22:18,2025-04-03 05:22:18,8.0
38,491,2025-03-21 21:22:18,2025-03-22 05:22:18,8.0
39,283,2025-05-26 21:22:18,2025-05-27 05:22:18,8.0
40,394,2025-04-19 21:22:18,2025-04-20 05:22:18,8.0
41,107,2025-03-12 21:22:18,2025-03-13 05:22:18,8.0
42,316,2025-05-20 21:22:18,2025-05-21 05:22:18,8.0
43,320,2025-03-31 21:22:18,2025-04-01 05:22:18,8.0
44,113,2025-06-11 21:22:18,2025-06-12 05:22:18,8.0
45,49,2025-03-20 21:22:18,2025-03-21 05:22:18,8.0
46,403,2025-05-29 21:22:18,2025-05-30 05:22:18,8.0
47,431,2025-06-04 21:22:18,2025-06-05 05:22:18,8.0
48,370,2025-04-23 21:22:18,2025-04-24 05:22:18,8.0
49,324,2025-06-15 21:22:18,2025-06-16 05:22:18,8.0
50,189,2025-06-10 21:22:18,2025-06-11 05:22:18,8.0
51,400,2025-05-27 21:22:18,2025-05-28 05:22:18,8.0
52,138,2025-05-18 21:22:18,2025-05-19 05:22:18,8.0
53,217,2025-04-04 21:22:18,2025-04-05 05:22:18,8.0
54,340,2025-04-10 21:22:18,2025-04-11 05:22:18,8.0
55,407,2025-06-06 21:22:18,2025-06-07 05:22:18,8.0
56,427,2025-03-16 21:22:18,2025-03-17 05:22:18,8.0
57,202,2025-03-26 21:22:18,2025-03-27 05:22:18,8.0
58,379,2025-03-25 21:22:18,2025-03-26 05:22:18,8.0
59,400,2025-03-15 21:22:18,2025-03-16 05:22:18,8.0
60,186,2025-06-07 21:22:18,2025-06-08 05:22:18,8.0
61,57,2025-03-26 21:22:18,2025-03-27 05:22:18,8.0
62,464,2025-05-09 21:22:18,2025-05-10 05:22:18,8.0
63,238,2025-05-04 21:22:18,2025-05-05 05:22:18,8.0
64,148,2025-04-25 21:22:18,2025-04-26 05:22:18,8.0
65,419,2025-05-28 21:22:18,2025-05-29 05:22:18,8.0
66,346,2025-03-29 21:22:18,2025-03-30 05:22:18,8.0
67,432,2025-05-18 21:22:18,2025-05-19 05:22:18,8.0
68,22,2025-04-02 21:22:18,2025-04-03 05:22:18,8.0
69,260,2025-04-21 21:22:18,2025-04-22 05:22:18,8.0
70,113,2025-06-14 21:22:18,2025-06-15 05:22:18,8.0
71,49,2025-06-08 21:22:18,2025-06-09 05:22:18,8.0
72,386,2025-04-18 21:22:18,2025-04-19 05:22:18,8.0
73,311,2025-03-12 21:22:18,2025-03-13 05:22:18,8.0
74,408,2025-03-29 21:22:18,2025-03-30 05:22:18,8.0
75,248,2025-05-07 21:22:18,2025-05-08 05:22:18,8.0
76,246,2025-03-23 21:22:18,2025-03-24 05:22:18,8.0
77,480,2025-04-30 21:22:18,2025-05-01 05:22:18,8.0
78,66,2025-04-14 21:22:18,2025-04-15 05:22:18,8.0
79,409,2025-05-21 21:22:18,2025-05-22 05:22:18,8.0
80,446,2025-04-22 21:22:18,2025-04-23 05:22:18,8.0
81,308,2025-05-02 21:22:18,2025-05-03 05:22:18,8.0
82,372,2025-05-14 21:22:18,2025-05-15 05:22:18,8.0
83,434,2025-03-23 21:22:18,2025-03-24 05:22:18,8.0
84,292,2025-03-26 21:22:18,2025-03-27 05:22:18,8.0
85,84,2025-05-03 21:22:18,2025-05-04 05:22:18,8.0
86,498,2025-05-31 21:22:18,2025-06-01 05:22:18,8.0
87,449,2025-05-02 21:22:18,2025-05-03 05:22:18,8.0
88,28,2025-05-21 21:22:18,2025-05-22 05:22:18,8.0
89,301,2025-05-28 21:22:18,2025-05-29 05:22:18,8.0
90,141,2025-03-25 21:22:18,2025-03-26 05:22:18,8.0
91,217,2025-05-21 21:22:18,2025-05-22 05:22:18,8.0
92,75,2025-05-02 21:22:18,2025-05-03 05:22:18,8.0
93,171,2025-06-15 21:22:18,2025-06-16 05:22:18,8.0
94,391,2025-05-29 21:22:18,2025-05-30 05:22:18,8.0
95,285,2025-04-27 21:22:18,2025-04-28 05:22:18,8.0
96,98,2025-03-30 21:22:18,2025-03-31 05:22:18,8.0
97,185,2025-05-06 21:22:18,2025-05-07 05:22:18,8.0
98,94,2025-05-18 21:22:18,2025-05-19 05:22:18,8.0
99,56,2025-05-18 21:22:18,2025-05-19 05:22:18,8.0
100,302,2025-06-12 21:22:18,2025-06-13 05:22:18,8.0
101,317,2025-05-28 21:22:18,2025-05-29 05:22:18,8.0
102,62,2025-03-13 21:22:18,2025-03-14 05:22:18,8.0
103,189,2025-05-28 21:22:18,2025-05-29 05:22:18,8.0
104,179,2025-05-09 21:22:18,2025-05-10 05:22:18,8.0
105,228,2025-06-10 21:22:18,2025-06-11 05:22:18,8.0
106,77,2025-06-19 21:22:18,2025-06-20 05:22:18,8.0
107,291,2025-04-03 21:22:18,2025-04-04 05:22:18,8.0
108,174,2025-04-20 21:22:18,2025-04-21 05:22:18,8.0
109,286,2025-03-18 21:22:18,2025-03-19 05:22:18,8.0
110,124,2025-03-16 21:22:18,2025-03-17 05:22:18,8.0
111,81,2025-04-25 21:22:18,2025-04-26 05:22:18,8.0
112,216,2025-04-18 21:22:18,2025-04-19 05:22:18,8.0
113,205,2025-05-05 21:22:18,2025-05-06 05:22:18,8.0
114,472,2025-05-08 21:22:18,2025-05-09 05:22:18,8.0
115,93,2025-03-23 21:22:18,2025-03-24 05:22:18,8.0
116,433,2025-04-14 21:22:18,2025-04-15 05:22:18,8.0
117,155,2025-06-04 21:22:18,2025-06-05 05:22:18,8.0
118,97,2025-05-05 21:22:18,2025-05-06 05:22:18,8.0
119,63,2025-03-21 21:22:18,2025-03-22 05:22:18,8.0
120,413,2025-05-26 21:22:18,2025-05-27 05:22:18,8.0
121,493,2025-06-04 21:22:18,2025-06-05 05:22:18,8.0
122,9,2025-05-24 21:22:18,2025-05-25 05:22:18,8.0
123,394,2025-03-26 21:22:18,2025-03-27 05:22:18,8.0
124,280,2025-06-17 21:22:18,2025-06-18 05:22:18,8.0
125,390,2025-05-18 21:22:18,2025-05-19 05:22:18,8.0
126,358,2025-03-25 21:22:18,2025-03-26 05:22:18,8.0
127,490,2025-04-11 21:22:18,2025-04-12 05:22:18,8.0
128,221,2025-03-19 21:22:18,2025-03-20 05:22:18,8.0
129,472,2025-06-04 21:22:18,2025-06-05 05:22:18,8.0
130,389,2025-03-16 21:22:18,2025-03-17 05:22:18,8.0
131,458,2025-04-18 21:22:18,2025-04-19 05:22:18,8.0
132,351,2025-03-14 21:22:18,2025-03-15 05:22:18,8.0
133,52,2025-06-10 21:22:18,2025-06-11 05:22:18,8.0
134,2,2025-04-28 21:22:18,2025-04-29 05:22:18,8.0
135,240,2025-05-03 21:22:18,2025-05-04 05:22:18,8.0
136,236,2025-03-11 21:22:18,2025-03-12 05:22:18,8.0
137,426,2025-05-30 21:22:18,2025-05-31 05:22:18,8.0
138,146,2025-06-04 21:22:18,2025-06-05 05:22:18,8.0
139,379,2025-05-26 21:22:18,2025-05-27 05:22:18,8.0
140,463,2025-04-26 21:22:18,2025-04-27 05:22:18,8.0
141,281,2025-04-24 21:22:18,2025-04-25 05:22:18,8.0
142,39,2025-03-16 21:22:18,2025-03-17 05:22:18,8.0
143,439,2025-06-15 21:22:18,2025-06-16 05:22:18,8.0
144,224,2025-04-09 21:22:18,2025-04-10 05:22:18,8.0
145,229,2025-04-03 21:22:18,2025-04-04 05:22:18,8.0
146,280,2025-05-12 21:22:18,2025-05-13 05:22:18,8.0
147,120,2025-03-22 21:22:18,2025-03-23 05:22:18,8.0
148,146,2025-04-07 21:22:18,2025-04-08 05:22:18,8.0
149,35,2025-04-08 21:22:18,2025-04-09 05:22:18,8.0
150,413,2025-03-24 21:22:18,2025-03-25 05:22:18,8.0
151,79,2025-05-01 21:22:18,2025-05-02 05:22:18,8.0
152,12,2025-05-11 21:22:18,2025-05-12 05:22:18,8.0
153,369,2025-06-07 21:22:18,2025-06-08 05:22:18,8.0
154,440,2025-04-17 21:22:18,2025-04-18 05:22:18,8.0
155,412,2025-06-10 21:22:18,2025-06-11 05:22:18,8.0
156,134,2025-04-16 21:22:18,2025-04-17 05:22:18,8.0
157,380,2025-05-17 21:22:18,2025-05-18 05:22:18,8.0
158,470,2025-06-16 21:22:18,2025-06-17 05:22:18,8.0
159,345,2025-05-12 21:22:18,2025-05-13 05:22:18,8.0
160,271,2025-03-29 21:22:18,2025-03-30 05:22:18,8.0
161,431,2025-03-16 21:22:18,2025-03-17 05:22:18,8.0
162,343,2025-05-30 21:22:18,2025-05-31 05:22:18,8.0
163,174,2025-05-15 21:22:18,2025-05-16 05:22:18,8.0
164,369,2025-03-14 21:22:18,2025-03-15 05:22:18,8.0
165,361,2025-03-30 21:22:18,2025-03-31 05:22:18,8.0
166,7,2025-05-27 21:22:18,2025-05-28 05:22:18,8.0
167,467,2025-06-13 21:22:18,2025-06-14 05:22:18,8.0
168,181,2025-05-30 21:22:18,2025-05-31 05:22:18,8.0
169,10,2025-05-25 21:22:18,2025-05-26 05:22:18,8.0
170,197,2025-03-16 21:22:18,2025-03-17 05:22:18,8.0
171,315,2025-05-09 21:22:18,2025-05-10 05:22:18,8.0
172,213,2025-05-17 21:22:18,2025-05-18 05:22:18,8.0
173,376,2025-05-18 21:22:18,2025-05-19 05:22:18,8.0
174,8,2025-03-19 21:22:18,2025-03-20 05:22:18,8.0
175,152,2025-06-17 21:22:18,2025-06-18 05:22:18,8.0
176,470,2025-03-28 21:22:18,2025-03-29 05:22:18,8.0
177,249,2025-05-29 21:22:18,2025-05-30 05:22:18,8.0
178,346,2025-05-13 21:22:18,2025-05-14 05:22:18,8.0
179,310,2025-04-05 21:22:18,2025-04-06 05:22:18,8.0
180,373,2025-05-30 21:22:18,2025-05-31 05:22:18,8.0
181,179,2025-03-30 21:22:18,2025-03-31 05:22:18,8.0
182,245,2025-05-12 21:22:18,2025-05-13 05:22:18,8.0
183,412,2025-06-18 21:22:18,2025-06-19 05:22:18,8.0
184,45,2025-04-03 21:22:18,2025-04-04 05:22:18,8.0
185,60,2025-05-12 21:22:18,2025-05-13 05:22:18,8.0
186,324,2025-03-14 21:22:18,2025-03-15 05:22:18,8.0
187,386,2025-05-16 21:22:18,2025-05-17 05:22:18,8.0
188,387,2025-05-08 21:22:18,2025-05-09 05:22:18,8.0
189,488,2025-05-25 21:22:18,2025-05-26 05:22:18,8.0
190,334,2025-06-13 21:22:18,2025-06-14 05:22:18,8.0
191,239,2025-06-05 21:22:18,2025-06-06 05:22:18,8.0
192,472,2025-05-03 21:22:18,2025-05-04 05:22:18,8.0
193,265,2025-04-30 21:22:18,2025-05-01 05:22:18,8.0
194,144,2025-04-07 21:22:18,2025-04-08 05:22:18,8.0
195,71,2025-03-12 21:22:18,2025-03-13 05:22:18,8.0
196,75,2025-04-19 21:22:18,2025-04-20 05:22:18,8.0
197,52,2025-04-15 21:22:18,2025-04-16 05:22:18,8.0
198,266,2025-05-28 21:22:18,2025-05-29 05:22:18,8.0
199,281,2025-05-29 21:22:18,2025-05-30 05:22:18,8.0
200,10,2025-04-05 21:22:18,2025-04-06 05:22:18,8.0
201,497,2025-05-06 21:22:18,2025-05-07 05:22:18,8.0
202,136,2025-05-22 21:22:18,2025-05-23 05:22:18,8.0
203,322,2025-03-26 21:22:18,2025-03-27 05:22:18,8.0
204,481,2025-04-26 21:22:18,2025-04-27 05:22:18,8.0
205,264,2025-05-04 21:22:18,2025-05-05 05:22:18,8.0
206,335,2025-04-11 21:22:18,2025-04-12 05:22:18,8.0
207,88,2025-03-25 21:22:18,2025-03-26 05:22:18,8.0
208,84,2025-05-25 21:22:18,2025-05-26 05:22:18,8.0
209,412,2025-05-18 21:22:18,2025-05-19 05:22:18,8.0
210,382,2025-04-07 21:22:18,2025-04-08 05:22:18,8.0
211,120,2025-04-08 21:22:18,2025-04-09 05:22:18,8.0
212,462,2025-06-07 21:22:18,2025-06-08 05:22:18,8.0
213,324,2025-05-25 21:22:18,2025-05-26 05:22:18,8.0
214,242,2025-05-04 21:22:18,2025-05-05 05:22:18,8.0
215,414,2025-04-14 21:22:18,2025-04-15 05:22:18,8.0
216,431,2025-06-07 21:22:18,2025-06-08 05:22:18,8.0
217,484,2025-05-23 21:22:18,2025-05-24 05:22:18,8.0
218,86,2025-03-29 21:22:18,2025-03-30 05:22:18,8.0
219,392,2025-05-18 21:22:18,2025-05-19 05:22:18,8.0
220,433,2025-03-12 21:22:18,2025-03-13 05:22:18,8.0
221,394,2025-04-02 21:22:18,2025-04-03 05:22:18,8.0
222,372,2025-05-08 21:22:18,2025-05-09 05:22:18,8.0
223,129,2025-03-12 21:22:18,2025-03-13 05:22:18,8.0
224,314,2025-04-27 21:22:18,2025-04-28 05:22:18,8.0
225,376,2025-05-31 21:22:18,2025-06-01 05:22:18,8.0
226,185,2025-03-15 21:22:18,2025-03-16 05:22:18,8.0
227,190,2025-05-08 21:22:18,2025-05-09 05:22:18,8.0
228,43,2025-03-27 21:22:18,2025-03-28 05:22:18,8.0
229,219,2025-04-14 21:22:18,2025-04-15 05:22:18,8.0
230,59,2025-06-15 21:22:18,2025-06-16 05:22:18,8.0
231,344,2025-04-03 21:22:18,2025-04-04 05:22:18,8.0
232,442,2025-04-30 21:22:18,2025-05-01 05:22:18,8.0
233,241,2025-03-18 21:22:18,2025-03-19 05:22:18,8.0
234,21,2025-04-10 21:22:18,2025-04-11 05:22:18,8.0
235,204,2025-06-12 21:22:18,2025-06-13 05:22:18,8.0
236,463,2025-04-01 21:22:18,2025-04-02 05:22:18,8.0
237,143,2025-04-15 21:22:18,2025-04-16 05:22:18,8.0
238,109,2025-05-21 21:22:18,2025-05-22 05:22:18,8.0
239,117,2025-04-30 21:22:18,2025-05-01 05:22:18,8.0
240,6,2025-03-19 21:22:18,2025-03-20 05:22:18,8.0
241,180,2025-04-10 21:22:18,2025-04-11 05:22:18,8.0
242,384,2025-03-29 21:22:18,2025-03-30 05:22:18,8.0
243,470,2025-05-30 21:22:18,2025-05-31 05:22:18,8.0
244,422,2025-03-20 21:22:18,2025-03-21 05:22:18,8.0
245,491,2025-03-21 21:22:18,2025-03-22 05:22:18,8.0
246,190,2025-04-13 21:22:18,2025-04-14 05:22:18,8.0
247,409,2025-05-26 21:22:18,2025-05-27 05:22:18,8.0
248,7,2025-04-08 21:22:18,2025-04-09 05:22:18,8.0
249,405,2025-05-24 21:22:18,2025-05-25 05:22:18,8.0
250,351,2025-04-02 21:22:18,2025-04-03 05:22:18,8.0
251,43,2025-06-18 21:22:18,2025-06-19 05:22:18,8.0
252,498,2025-04-12 21:22:18,2025-04-13 05:22:18,8.0
253,34,2025-03-17 21:22:18,2025-03-18 05:22:18,8.0
254,336,2025-04-27 21:22:18,2025-04-28 05:22:18,8.0
255,48,2025-03-28 21:22:18,2025-03-29 05:22:18,8.0
256,57,2025-04-23 21:22:18,2025-04-24 05:22:18,8.0
257,249,2025-05-07 21:22:18,2025-05-08 05:22:18,8.0
258,213,2025-04-07 21:22:18,2025-04-08 05:22:18,8.0
259,301,2025-03-20 21:22:18,2025-03-21 05:22:18,8.0
260,425,2025-04-22 21:22:18,2025-04-23 05:22:18,8.0
261,168,2025-03-20 21:22:18,2025-03-21 05:22:18,8.0
262,233,2025-04-07 21:22:18,2025-04-08 05:22:18,8.0
263,292,2025-04-30 21:22:18,2025-05-01 05:22:18,8.0
264,473,2025-05-28 21:22:18,2025-05-29 05:22:18,8.0
265,276,2025-03-28 21:22:18,2025-03-29 05:22:18,8.0
266,102,2025-03-24 21:22:18,2025-03-25 05:22:18,8.0
267,126,2025-04-13 21:22:18,2025-04-14 05:22:18,8.0
268,53,2025-05-29 21:22:18,2025-05-30 05:22:18,8.0
269,469,2025-04-01 21:22:18,2025-04-02 05:22:18,8.0
270,257,2025-06-07 21:22:18,2025-06-08 05:22:18,8.0
271,14,2025-04-12 21:22:18,2025-04-13 05:22:18,8.0
272,351,2025-04-19 21:22:18,2025-04-20 05:22:18,8.0
273,337,2025-03-24 21:22:18,2025-03-25 05:22:18,8.0
274,435,2025-03-12 21:22:18,2025-03-13 05:22:18,8.0
275,282,2025-03-26 21:22:18,2025-03-27 05:22:18,8.0
276,425,2025-03-26 21:22:18,2025-03-27 05:22:18,8.0
277,444,2025-06-18 21:22:18,2025-06-19 05:22:18,8.0
278,453,2025-03-13 21:22:18,2025-03-14 05:22:18,8.0
279,141,2025-04-27 21:22:18,2025-04-28 05:22:18,8.0
280,455,2025-03-17 21:22:18,2025-03-18 05:22:18,8.0
281,412,2025-03-14 21:22:18,2025-03-15 05:22:18,8.0
282,446,2025-04-23 21:22:18,2025-04-24 05:22:18,8.0
283,276,2025-03-19 21:22:18,2025-03-20 05:22:18,8.0
284,268,2025-05-22 21:22:18,2025-05-23 05:22:18,8.0
285,409,2025-05-12 21:22:18,2025-05-13 05:22:18,8.0
286,97,2025-04-18 21:22:18,2025-04-19 05:22:18,8.0
287,211,2025-06-01 21:22:18,2025-06-02 05:22:18,8.0
288,181,2025-05-07 21:22:18,2025-05-08 05:22:18,8.0
289,276,2025-06-14 21:22:18,2025-06-15 05:22:18,8.0
290,341,2025-05-01 21:22:18,2025-05-02 05:22:18,8.0
291,142,2025-05-21 21:22:18,2025-05-22 05:22:18,8.0
292,360,2025-04-23 21:22:18,2025-04-24 05:22:18,8.0
293,219,2025-05-29 21:22:18,2025-05-30 05:22:18,8.0
294,459,2025-05-13 21:22:18,2025-05-14 05:22:18,8.0
295,493,2025-05-29 21:22:18,2025-05-30 05:22:18,8.0
296,290,2025-05-19 21:22:18,2025-05-20 05:22:18,8.0
297,270,2025-05-13 21:22:18,2025-05-14 05:22:18,8.0
298,99,2025-03-28 21:22:18,2025-03-29 05:22:18,8.0
299,379,2025-04-22 21:22:18,2025-04-23 05:22:18,8.0
300,461,2025-04-21 21:22:18,2025-04-22 05:22:18,8.0
301,44,2025-06-16 21:22:18,2025-06-17 05:22:18,8.0
302,47,2025-06-19 21:22:18,2025-06-20 05:22:18,8.0
303,249,2025-05-28 21:22:18,2025-05-29 05:22:18,8.0
304,7,2025-05-10 21:22:18,2025-05-11 05:22:18,8.0
305,475,2025-04-07 21:22:18,2025-04-08 05:22:18,8.0
306,183,2025-05-24 21:22:18,2025-05-25 05:22:18,8.0
307,478,2025-06-04 21:22:18,2025-06-05 05:22:18,8.0
308,236,2025-06-14 21:22:18,2025-06-15 05:22:18,8.0
309,27,2025-05-25 21:22:18,2025-05-26 05:22:18,8.0
310,62,2025-06-01 21:22:18,2025-06-02 05:22:18,8.0
311,290,2025-05-30 21:22:18,2025-05-31 05:22:18,8.0
312,67,2025-06-08 21:22:18,2025-06-09 05:22:18,8.0
313,480,2025-06-05 21:22:18,2025-06-06 05:22:18,8.0
314,152,2025-03-26 21:22:18,2025-03-27 05:22:18,8.0
315,415,2025-04-07 21:22:18,2025-04-08 05:22:18,8.0
316,414,2025-03-16 21:22:18,2025-03-17 05:22:18,8.0
317,321,2025-03-13 21:22:18,2025-03-14 05:22:18,8.0
318,64,2025-05-10 21:22:18,2025-05-11 05:22:18,8.0
319,140,2025-06-02 21:22:18,2025-06-03 05:22:18,8.0
320,117,2025-04-07 21:22:18,2025-04-08 05:22:18,8.0
321,328,2025-05-17 21:22:18,2025-05-18 05:22:18,8.0
322,380,2025-05-16 21:22:18,2025-05-17 05:22:18,8.0
323,151,2025-04-06 21:22:18,2025-04-07 05:22:18,8.0
324,9,2025-05-26 21:22:18,2025-05-27 05:22:18,8.0
325,365,2025-05-31 21:22:18,2025-06-01 05:22:18,8.0
326,154,2025-03-30 21:22:18,2025-03-31 05:22:18,8.0
327,91,2025-06-05 21:22:18,2025-06-06 05:22:18,8.0
328,275,2025-04-16 21:22:18,2025-04-17 05:22:18,8.0
329,148,2025-05-05 21:22:18,2025-05-06 05:22:18,8.0
330,325,2025-04-08 21:22:18,2025-04-09 05:22:18,8.0
331,383,2025-05-08 21:22:18,2025-05-09 05:22:18,8.0
332,462,2025-04-29 21:22:18,2025-04-30 05:22:18,8.0
333,239,2025-03-24 21:22:18,2025-03-25 05:22:18,8.0
334,277,2025-05-26 21:22:18,2025-05-27 05:22:18,8.0
335,1,2025-06-05 21:22:18,2025-06-06 05:22:18,8.0
336,110,2025-03-17 21:22:18,2025-03-18 05:22:18,8.0
337,93,2025-04-03 21:22:18,2025-04-04 05:22:18,8.0
338,458,2025-04-02 21:22:18,2025-04-03 05:22:18,8.0
339,314,2025-03-24 21:22:18,2025-03-25 05:22:18,8.0
340,448,2025-04-08 21:22:18,2025-04-09 05:22:18,8.0
341,340,2025-05-08 21:22:18,2025-05-09 05:22:18,8.0
342,288,2025-05-21 21:22:18,2025-05-22 05:22:18,8.0
343,71,2025-06-04 21:22:18,2025-06-05 05:22:18,8.0
344,111,2025-05-07 21:22:18,2025-05-08 05:22:18,8.0
345,315,2025-04-22 21:22:18,2025-04-23 05:22:18,8.0
346,326,2025-04-05 21:22:18,2025-04-06 05:22:18,8.0
347,470,2025-03-26 21:22:18,2025-03-27 05:22:18,8.0
348,250,2025-04-20 21:22:18,2025-04-21 05:22:18,8.0
349,242,2025-05-26 21:22:18,2025-05-27 05:22:18,8.0
350,50,2025-05-10 21:22:18,2025-05-11 05:22:18,8.0
351,396,2025-03-25 21:22:18,2025-03-26 05:22:18,8.0
352,424,2025-06-11 21:22:18,2025-06-12 05:22:18,8.0
353,57,2025-04-09 21:22:18,2025-04-10 05:22:18,8.0
354,350,2025-03-29 21:22:18,2025-03-30 05:22:18,8.0
355,80,2025-05-02 21:22:18,2025-05-03 05:22:18,8.0
356,59,2025-04-24 21:22:18,2025-04-25 05:22:18,8.0
357,128,2025-06-07 21:22:18,2025-06-08 05:22:18,8.0
358,335,2025-04-23 21:22:18,2025-04-24 05:22:18,8.0
359,338,2025-05-01 21:22:18,2025-05-02 05:22:18,8.0
360,106,2025-03-13 21:22:18,2025-03-14 05:22:18,8.0
361,315,2025-03-27 21:22:18,2025-03-28 05:22:18,8.0
362,29,2025-04-27 21:22:18,2025-04-28 05:22:18,8.0
363,92,2025-05-19 21:22:18,2025-05-20 05:22:18,8.0
364,80,2025-03-29 21:22:18,2025-03-30 05:22:18,8.0
365,340,2025-05-06 21:22:18,2025-05-07 05:22:18,8.0
366,81,2025-03-24 21:22:18,2025-03-25 05:22:18,8.0
367,314,2025-06-05 21:22:18,2025-06-06 05:22:18,8.0
368,451,2025-05-03 21:22:18,2025-05-04 05:22:18,8.0
369,376,2025-06-07 21:22:18,2025-06-08 05:22:18,8.0
370,168,2025-03-24 21:22:18,2025-03-25 05:22:18,8.0
371,164,2025-06-03 21:22:18,2025-06-04 05:22:18,8.0
372,476,2025-04-05 21:22:18,2025-04-06 05:22:18,8.0
373,262,2025-05-13 21:22:18,2025-05-14 05:22:18,8.0
374,124,2025-03-23 21:22:18,2025-03-24 05:22:18,8.0
375,373,2025-04-24 21:22:18,2025-04-25 05:22:18,8.0
376,209,2025-05-14 21:22:18,2025-05-15 05:22:18,8.0
377,420,2025-06-18 21:22:18,2025-06-19 05:22:18,8.0
378,254,2025-03-11 21:22:18,2025-03-12 05:22:18,8.0
379,186,2025-06-18 21:22:18,2025-06-19 05:22:18,8.0
380,404,2025-04-20 21:22:18,2025-04-21 05:22:18,8.0
381,455,2025-03-15 21:22:18,2025-03-16 05:22:18,8.0
382,72,2025-04-11 21:22:18,2025-04-12 05:22:18,8.0
383,375,2025-05-01 21:22:18,2025-05-02 05:22:18,8.0
384,222,2025-04-30 21:22:18,2025-05-01 05:22:18,8.0
385,423,2025-03-29 21:22:18,2025-03-30 05:22:18,8.0
386,61,2025-06-12 21:22:18,2025-06-13 05:22:18,8.0
387,477,2025-05-09 21:22:18,2025-05-10 05:22:18,8.0
388,151,2025-06-11 21:22:18,2025-06-12 05:22:18,8.0
389,203,2025-06-18 21:22:18,2025-06-19 05:22:18,8.0
390,500,2025-06-09 21:22:18,2025-06-10 05:22:18,8.0
391,299,2025-04-10 21:22:18,2025-04-11 05:22:18,8.0
392,24,2025-04-16 21:22:18,2025-04-17 05:22:18,8.0
393,450,2025-04-29 21:22:18,2025-04-30 05:22:18,8.0
394,469,2025-04-11 21:22:18,2025-04-12 05:22:18,8.0
395,93,2025-03-12 21:22:18,2025-03-13 05:22:18,8.0
396,127,2025-06-01 21:22:18,2025-06-02 05:22:18,8.0
397,449,2025-05-01 21:22:18,2025-05-02 05:22:18,8.0
398,267,2025-05-14 21:22:18,2025-05-15 05:22:18,8.0
399,212,2025-05-12 21:22:18,2025-05-13 05:22:18,8.0
400,211,2025-05-16 21:22:18,2025-05-17 05:22:18,8.0
401,247,2025-03-17 21:22:18,2025-03-18 05:22:18,8.0
402,281,2025-06-01 21:22:18,2025-06-02 05:22:18,8.0
403,257,2025-05-05 21:22:18,2025-05-06 05:22:18,8.0
404,392,2025-05-03 21:22:18,2025-05-04 05:22:18,8.0
405,163,2025-05-15 21:22:18,2025-05-16 05:22:18,8.0
406,261,2025-04-12 21:22:18,2025-04-13 05:22:18,8.0
407,183,2025-04-25 21:22:18,2025-04-26 05:22:18,8.0
408,393,2025-05-19 21:22:18,2025-05-20 05:22:18,8.0
409,103,2025-03-30 21:22:18,2025-03-31 05:22:18,8.0
410,42,2025-06-16 21:22:18,2025-06-17 05:22:18,8.0
411,428,2025-04-30 21:22:18,2025-05-01 05:22:18,8.0
412,366,2025-06-12 21:22:18,2025-06-13 05:22:18,8.0
413,423,2025-04-07 21:22:18,2025-04-08 05:22:18,8.0
414,498,2025-04-11 21:22:18,2025-04-12 05:22:18,8.0
415,417,2025-05-12 21:22:18,2025-05-13 05:22:18,8.0
416,322,2025-03-14 21:22:18,2025-03-15 05:22:18,8.0
417,229,2025-04-19 21:22:18,2025-04-20 05:22:18,8.0
418,344,2025-04-23 21:22:18,2025-04-24 05:22:18,8.0
419,358,2025-06-07 21:22:18,2025-06-08 05:22:18,8.0
420,430,2025-05-31 21:22:18,2025-06-01 05:22:18,8.0
421,313,2025-05-17 21:22:18,2025-05-18 05:22:18,8.0
422,462,2025-05-03 21:22:18,2025-05-04 05:22:18,8.0
423,114,2025-05-23 21:22:18,2025-05-24 05:22:18,8.0
424,266,2025-05-31 21:22:18,2025-06-01 05:22:18,8.0
425,19,2025-05-02 21:22:18,2025-05-03 05:22:18,8.0
426,54,2025-05-11 21:22:18,2025-05-12 05:22:18,8.0
427,249,2025-04-27 21:22:18,2025-04-28 05:22:18,8.0
428,479,2025-05-01 21:22:18,2025-05-02 05:22:18,8.0
429,234,2025-06-07 21:22:18,2025-06-08 05:22:18,8.0
430,27,2025-05-11 21:22:18,2025-05-12 05:22:18,8.0
431,295,2025-05-16 21:22:18,2025-05-17 05:22:18,8.0
432,210,2025-06-08 21:22:18,2025-06-09 05:22:18,8.0
433,151,2025-04-11 21:22:18,2025-04-12 05:22:18,8.0
434,61,2025-05-06 21:22:18,2025-05-07 05:22:18,8.0
435,344,2025-03-20 21:22:18,2025-03-21 05:22:18,8.0
436,246,2025-06-16 21:22:18,2025-06-17 05:22:18,8.0
437,121,2025-03-20 21:22:18,2025-03-21 05:22:18,8.0
438,168,2025-03-11 21:22:18,2025-03-12 05:22:18,8.0
439,459,2025-03-18 21:22:18,2025-03-19 05:22:18,8.0
440,449,2025-04-24 21:22:18,2025-04-25 05:22:18,8.0
441,190,2025-04-09 21:22:18,2025-04-10 05:22:18,8.0
442,340,2025-06-01 21:22:18,2025-06-02 05:22:18,8.0
443,225,2025-03-11 21:22:18,2025-03-12 05:22:18,8.0
444,332,2025-04-26 21:22:18,2025-04-27 05:22:18,8.0
445,62,2025-03-19 21:22:18,2025-03-20 05:22:18,8.0
446,423,2025-04-11 21:22:18,2025-04-12 05:22:18,8.0
447,88,2025-04-14 21:22:18,2025-04-15 05:22:18,8.0
448,166,2025-03-21 21:22:18,2025-03-22 05:22:18,8.0
449,295,2025-03-17 21:22:18,2025-03-18 05:22:18,8.0
450,161,2025-06-02 21:22:18,2025-06-03 05:22:18,8.0
451,218,2025-03-16 21:22:18,2025-03-17 05:22:18,8.0
452,122,2025-06-15 21:22:18,2025-06-16 05:22:18,8.0
453,17,2025-04-28 21:22:18,2025-04-29 05:22:18,8.0
454,351,2025-05-30 21:22:18,2025-05-31 05:22:18,8.0
455,397,2025-05-01 21:22:18,2025-05-02 05:22:18,8.0
456,407,2025-03-26 21:22:18,2025-03-27 05:22:18,8.0
457,116,2025-05-21 21:22:18,2025-05-22 05:22:18,8.0
458,489,2025-04-15 21:22:18,2025-04-16 05:22:18,8.0
459,455,2025-06-17 21:22:18,2025-06-18 05:22:18,8.0
460,181,2025-04-18 21:22:18,2025-04-19 05:22:18,8.0
461,208,2025-04-03 21:22:18,2025-04-04 05:22:18,8.0
462,485,2025-05-25 21:22:18,2025-05-26 05:22:18,8.0
463,13,2025-04-24 21:22:18,2025-04-25 05:22:18,8.0
464,151,2025-04-18 21:22:18,2025-04-19 05:22:18,8.0
465,381,2025-03-24 21:22:18,2025-03-25 05:22:18,8.0
466,295,2025-04-18 21:22:18,2025-04-19 05:22:18,8.0
467,83,2025-03-23 21:22:18,2025-03-24 05:22:18,8.0
468,378,2025-05-06 21:22:18,2025-05-07 05:22:18,8.0
469,447,2025-05-19 21:22:18,2025-05-20 05:22:18,8.0
470,241,2025-06-02 21:22:18,2025-06-03 05:22:18,8.0
471,269,2025-06-19 21:22:18,2025-06-20 05:22:18,8.0
472,405,2025-03-16 21:22:18,2025-03-17 05:22:18,8.0
473,468,2025-04-05 21:22:18,2025-04-06 05:22:18,8.0
474,320,2025-05-29 21:22:18,2025-05-30 05:22:18,8.0
475,357,2025-04-27 21:22:18,2025-04-28 05:22:18,8.0
476,163,2025-04-02 21:22:18,2025-04-03 05:22:18,8.0
477,468,2025-04-05 21:22:18,2025-04-06 05:22:18,8.0
478,385,2025-05-29 21:22:18,2025-05-30 05:22:18,8.0
479,57,2025-03-19 21:22:18,2025-03-20 05:22:18,8.0
480,151,2025-05-16 21:22:18,2025-05-17 05:22:18,8.0
481,253,2025-04-05 21:22:18,2025-04-06 05:22:18,8.0
482,488,2025-04-16 21:22:18,2025-04-17 05:22:18,8.0
483,398,2025-05-19 21:22:18,2025-05-20 05:22:18,8.0
484,377,2025-05-31 21:22:18,2025-06-01 05:22:18,8.0
485,160,2025-04-04 21:22:18,2025-04-05 05:22:18,8.0
486,243,2025-06-05 21:22:18,2025-06-06 05:22:18,8.0
487,163,2025-04-06 21:22:18,2025-04-07 05:22:18,8.0
488,353,2025-06-01 21:22:18,2025-06-02 05:22:18,8.0
489,450,2025-05-04 21:22:18,2025-05-05 05:22:18,8.0
490,210,2025-06-04 21:22:18,2025-06-05 05:22:18,8.0
491,259,2025-04-06 21:22:18,2025-04-07 05:22:18,8.0
492,18,2025-04-12 21:22:18,2025-04-13 05:22:18,8.0
493,45,2025-03-13 21:22:18,2025-03-14 05:22:18,8.0
494,224,2025-05-08 21:22:18,2025-05-09 05:22:18,8.0
495,333,2025-05-30 21:22:18,2025-05-31 05:22:18,8.0
496,173,2025-05-13 21:22:18,2025-05-14 05:22:18,8.0
497,290,2025-05-28 21:22:18,2025-05-29 05:22:18,8.0
498,186,2025-06-07 21:22:18,2025-06-08 05:22:18,8.0
499,269,2025-04-25 21:22:18,2025-04-26 05:22:18,8.0
500,427,2025-04-28 21:22:18,2025-04-29 05:22:18,8.0
501,139,2025-05-31 21:22:18,2025-06-01 05:22:18,8.0
502,138,2025-06-17 21:22:18,2025-06-18 05:22:18,8.0
503,288,2025-06-16 21:22:18,2025-06-17 05:22:18,8.0
504,315,2025-04-28 21:22:18,2025-04-29 05:22:18,8.0
505,323,2025-03-22 21:22:18,2025-03-23 05:22:18,8.0
506,89,2025-05-23 21:22:18,2025-05-24 05:22:18,8.0
507,141,2025-04-10 21:22:18,2025-04-11 05:22:18,8.0
508,162,2025-04-01 21:22:18,2025-04-02 05:22:18,8.0
509,12,2025-06-17 21:22:18,2025-06-18 05:22:18,8.0
510,216,2025-05-09 21:22:18,2025-05-10 05:22:18,8.0
511,466,2025-04-02 21:22:18,2025-04-03 05:22:18,8.0
512,32,2025-03-11 21:22:18,2025-03-12 05:22:18,8.0
513,420,2025-06-17 21:22:18,2025-06-18 05:22:18,8.0
514,113,2025-03-11 21:22:18,2025-03-12 05:22:18,8.0
515,423,2025-03-24 21:22:18,2025-03-25 05:22:18,8.0
516,377,2025-04-07 21:22:18,2025-04-08 05:22:18,8.0
517,411,2025-04-24 21:22:18,2025-04-25 05:22:18,8.0
518,278,2025-06-03 21:22:18,2025-06-04 05:22:18,8.0
519,19,2025-04-13 21:22:18,2025-04-14 05:22:18,8.0
520,451,2025-05-29 21:22:18,2025-05-30 05:22:18,8.0
521,466,2025-05-04 21:22:18,2025-05-05 05:22:18,8.0
522,109,2025-04-10 21:22:18,2025-04-11 05:22:18,8.0
523,118,2025-04-18 21:22:18,2025-04-19 05:22:18,8.0
524,44,2025-05-31 21:22:18,2025-06-01 05:22:18,8.0
525,360,2025-03-24 21:22:18,2025-03-25 05:22:18,8.0
526,368,2025-05-06 21:22:18,2025-05-07 05:22:18,8.0
527,285,2025-06-14 21:22:18,2025-06-15 05:22:18,8.0
528,229,2025-06-09 21:22:18,2025-06-10 05:22:18,8.0
529,134,2025-05-13 21:22:18,2025-05-14 05:22:18,8.0
530,217,2025-04-02 21:22:18,2025-04-03 05:22:18,8.0
531,134,2025-04-04 21:22:18,2025-04-05 05:22:18,8.0
532,468,2025-05-13 21:22:18,2025-05-14 05:22:18,8.0
533,100,2025-03-23 21:22:18,2025-03-24 05:22:18,8.0
534,424,2025-05-29 21:22:18,2025-05-30 05:22:18,8.0
535,169,2025-03-22 21:22:18,2025-03-23 05:22:18,8.0
536,485,2025-05-18 21:22:18,2025-05-19 05:22:18,8.0
537,403,2025-04-20 21:22:18,2025-04-21 05:22:18,8.0
538,450,2025-03-14 21:22:18,2025-03-15 05:22:18,8.0
539,232,2025-03-24 21:22:18,2025-03-25 05:22:18,8.0
540,126,2025-03-16 21:22:18,2025-03-17 05:22:18,8.0
541,478,2025-03-14 21:22:18,2025-03-15 05:22:18,8.0
542,242,2025-04-20 21:22:18,2025-04-21 05:22:18,8.0
543,412,2025-05-20 21:22:18,2025-05-21 05:22:18,8.0
544,210,2025-05-25 21:22:18,2025-05-26 05:22:18,8.0
545,114,2025-05-14 21:22:18,2025-05-15 05:22:18,8.0
546,332,2025-05-12 21:22:18,2025-05-13 05:22:18,8.0
547,468,2025-05-07 21:22:18,2025-05-08 05:22:18,8.0
548,328,2025-06-07 21:22:18,2025-06-08 05:22:18,8.0
549,324,2025-05-13 21:22:18,2025-05-14 05:22:18,8.0
550,463,2025-04-22 21:22:18,2025-04-23 05:22:18,8.0
551,85,2025-04-09 21:22:18,2025-04-10 05:22:18,8.0
552,487,2025-06-08 21:22:18,2025-06-09 05:22:18,8.0
553,226,2025-03-19 21:22:18,2025-03-20 05:22:18,8.0
554,362,2025-05-29 21:22:18,2025-05-30 05:22:18,8.0
555,244,2025-03-27 21:22:18,2025-03-28 05:22:18,8.0
556,363,2025-05-24 21:22:18,2025-05-25 05:22:18,8.0
557,231,2025-03-30 21:22:18,2025-03-31 05:22:18,8.0
558,95,2025-06-16 21:22:18,2025-06-17 05:22:18,8.0
559,309,2025-05-01 21:22:18,2025-05-02 05:22:18,8.0
560,283,2025-05-28 21:22:18,2025-05-29 05:22:18,8.0
561,184,2025-05-04 21:22:18,2025-05-05 05:22:18,8.0
562,258,2025-04-15 21:22:18,2025-04-16 05:22:18,8.0
563,389,2025-03-26 21:22:18,2025-03-27 05:22:18,8.0
564,298,2025-05-26 21:22:18,2025-05-27 05:22:18,8.0
565,465,2025-04-12 21:22:18,2025-04-13 05:22:18,8.0
566,117,2025-04-28 21:22:18,2025-04-29 05:22:18,8.0
567,115,2025-04-01 21:22:18,2025-04-02 05:22:18,8.0
568,469,2025-05-13 21:22:18,2025-05-14 05:22:18,8.0
569,264,2025-03-22 21:22:18,2025-03-23 05:22:18,8.0
570,458,2025-06-18 21:22:18,2025-06-19 05:22:18,8.0
571,464,2025-04-06 21:22:18,2025-04-07 05:22:18,8.0
572,12,2025-03-26 21:22:18,2025-03-27 05:22:18,8.0
573,2,2025-03-12 21:22:18,2025-03-13 05:22:18,8.0
574,195,2025-06-04 21:22:18,2025-06-05 05:22:18,8.0
575,181,2025-05-10 21:22:18,2025-05-11 05:22:18,8.0
576,329,2025-06-05 21:22:18,2025-06-06 05:22:18,8.0
577,26,2025-05-18 21:22:18,2025-05-19 05:22:18,8.0
578,297,2025-06-02 21:22:18,2025-06-03 05:22:18,8.0
579,314,2025-03-30 21:22:18,2025-03-31 05:22:18,8.0
580,384,2025-05-03 21:22:18,2025-05-04 05:22:18,8.0
581,83,2025-05-17 21:22:18,2025-05-18 05:22:18,8.0
582,202,2025-06-11 21:22:18,2025-06-12 05:22:18,8.0
583,329,2025-03-19 21:22:18,2025-03-20 05:22:18,8.0
584,130,2025-05-25 21:22:18,2025-05-26 05:22:18,8.0
585,252,2025-05-12 21:22:18,2025-05-13 05:22:18,8.0
586,494,2025-06-17 21:22:18,2025-06-18 05:22:18,8.0
587,261,2025-03-11 21:22:18,2025-03-12 05:22:18,8.0
588,256,2025-05-02 21:22:18,2025-05-03 05:22:18,8.0
589,473,2025-05-30 21:22:18,2025-05-31 05:22:18,8.0
590,191,2025-05-25 21:22:18,2025-05-26 05:22:18,8.0
591,401,2025-06-05 21:22:18,2025-06-06 05:22:18,8.0
592,392,2025-03-26 21:22:18,2025-03-27 05:22:18,8.0
593,20,2025-05-27 21:22:18,2025-05-28 05:22:18,8.0
594,97,2025-06-14 21:22:18,2025-06-15 05:22:18,8.0
595,362,2025-05-18 21:22:18,2025-05-19 05:22:18,8.0
596,186,2025-06-06 21:22:18,2025-06-07 05:22:18,8.0
597,48,2025-03-18 21:22:18,2025-03-19 05:22:18,8.0
598,500,2025-03-27 21:22:18,2025-03-28 05:22:18,8.0
599,359,2025-05-08 21:22:18,2025-05-09 05:22:18,8.0
600,470,2025-05-29 21:22:18,2025-05-30 05:22:18,8.0
601,49,2025-05-04 21:22:18,2025-05-05 05:22:18,8.0
602,428,2025-03-13 21:22:18,2025-03-14 05:22:18,8.0
603,26,2025-05-24 21:22:18,2025-05-25 05:22:18,8.0
604,346,2025-04-17 21:22:18,2025-04-18 05:22:18,8.0
605,43,2025-04-09 21:22:18,2025-04-10 05:22:18,8.0
606,37,2025-06-03 21:22:18,2025-06-04 05:22:18,8.0
607,457,2025-05-21 21:22:18,2025-05-22 05:22:18,8.0
608,498,2025-06-11 21:22:18,2025-06-12 05:22:18,8.0
609,486,2025-05-29 21:22:18,2025-05-30 05:22:18,8.0
610,186,2025-05-20 21:22:18,2025-05-21 05:22:18,8.0
611,184,2025-05-29 21:22:18,2025-05-30 05:22:18,8.0
612,113,2025-04-10 21:22:18,2025-04-11 05:22:18,8.0
613,432,2025-05-17 21:22:18,2025-05-18 05:22:18,8.0
614,474,2025-04-10 21:22:18,2025-04-11 05:22:18,8.0
615,352,2025-03-22 21:22:18,2025-03-23 05:22:18,8.0
616,385,2025-05-25 21:22:18,2025-05-26 05:22:18,8.0
617,29,2025-06-03 21:22:18,2025-06-04 05:22:18,8.0
618,310,2025-03-19 21:22:18,2025-03-20 05:22:18,8.0
619,47,2025-05-21 21:22:18,2025-05-22 05:22:18,8.0
620,465,2025-04-12 21:22:18,2025-04-13 05:22:18,8.0
621,317,2025-03-15 21:22:18,2025-03-16 05:22:18,8.0
622,283,2025-05-14 21:22:18,2025-05-15 05:22:18,8.0
623,95,2025-05-18 21:22:18,2025-05-19 05:22:18,8.0
624,423,2025-04-06 21:22:18,2025-04-07 05:22:18,8.0
625,195,2025-06-07 21:22:18,2025-06-08 05:22:18,8.0
626,205,2025-04-27 21:22:18,2025-04-28 05:22:18,8.0
627,293,2025-05-05 21:22:18,2025-05-06 05:22:18,8.0
628,345,2025-06-12 21:22:18,2025-06-13 05:22:18,8.0
629,309,2025-04-12 21:22:18,2025-04-13 05:22:18,8.0
630,176,2025-06-02 21:22:18,2025-06-03 05:22:18,8.0
631,164,2025-04-03 21:22:18,2025-04-04 05:22:18,8.0
632,136,2025-04-10 21:22:18,2025-04-11 05:22:18,8.0
633,263,2025-05-13 21:22:18,2025-05-14 05:22:18,8.0
634,156,2025-04-05 21:22:18,2025-04-06 05:22:18,8.0
635,326,2025-05-21 21:22:18,2025-05-22 05:22:18,8.0
636,81,2025-04-11 21:22:18,2025-04-12 05:22:18,8.0
637,401,2025-06-02 21:22:18,2025-06-03 05:22:18,8.0
638,222,2025-05-19 21:22:18,2025-05-20 05:22:18,8.0
639,64,2025-04-30 21:22:18,2025-05-01 05:22:18,8.0
640,284,2025-03-20 21:22:18,2025-03-21 05:22:18,8.0
641,34,2025-05-30 21:22:18,2025-05-31 05:22:18,8.0
642,243,2025-05-07 21:22:18,2025-05-08 05:22:18,8.0
643,22,2025-03-14 21:22:18,2025-03-15 05:22:18,8.0
644,51,2025-05-08 21:22:18,2025-05-09 05:22:18,8.0
645,203,2025-05-13 21:22:18,2025-05-14 05:22:18,8.0
646,473,2025-04-07 21:22:18,2025-04-08 05:22:18,8.0
647,335,2025-04-25 21:22:18,2025-04-26 05:22:18,8.0
648,152,2025-06-05 21:22:18,2025-06-06 05:22:18,8.0
649,484,2025-06-15 21:22:18,2025-06-16 05:22:18,8.0
650,302,2025-05-24 21:22:18,2025-05-25 05:22:18,8.0
651,473,2025-04-17 21:22:18,2025-04-18 05:22:18,8.0
652,361,2025-04-06 21:22:18,2025-04-07 05:22:18,8.0
653,293,2025-04-24 21:22:18,2025-04-25 05:22:18,8.0
654,58,2025-05-20 21:22:18,2025-05-21 05:22:18,8.0
655,272,2025-03-30 21:22:18,2025-03-31 05:22:18,8.0
656,241,2025-06-03 21:22:18,2025-06-04 05:22:18,8.0
657,280,2025-05-25 21:22:18,2025-05-26 05:22:18,8.0
658,331,2025-05-19 21:22:18,2025-05-20 05:22:18,8.0
659,95,2025-03-28 21:22:18,2025-03-29 05:22:18,8.0
660,466,2025-04-15 21:22:18,2025-04-16 05:22:18,8.0
661,237,2025-04-21 21:22:18,2025-04-22 05:22:18,8.0
662,285,2025-06-17 21:22:18,2025-06-18 05:22:18,8.0
663,211,2025-06-06 21:22:18,2025-06-07 05:22:18,8.0
664,10,2025-06-16 21:22:18,2025-06-17 05:22:18,8.0
665,20,2025-06-13 21:22:18,2025-06-14 05:22:18,8.0
666,178,2025-03-20 21:22:18,2025-03-21 05:22:18,8.0
667,216,2025-03-18 21:22:18,2025-03-19 05:22:18,8.0
668,302,2025-05-15 21:22:18,2025-05-16 05:22:18,8.0
669,109,2025-04-05 21:22:18,2025-04-06 05:22:18,8.0
670,186,2025-03-12 21:22:18,2025-03-13 05:22:18,8.0
671,295,2025-04-10 21:22:18,2025-04-11 05:22:18,8.0
672,337,2025-05-13 21:22:18,2025-05-14 05:22:18,8.0
673,101,2025-04-25 21:22:18,2025-04-26 05:22:18,8.0
674,13,2025-05-12 21:22:18,2025-05-13 05:22:18,8.0
675,85,2025-05-21 21:22:18,2025-05-22 05:22:18,8.0
676,499,2025-05-28 21:22:18,2025-05-29 05:22:18,8.0
677,358,2025-05-18 21:22:18,2025-05-19 05:22:18,8.0
678,363,2025-04-19 21:22:18,2025-04-20 05:22:18,8.0
679,125,2025-05-23 21:22:18,2025-05-24 05:22:18,8.0
680,309,2025-03-15 21:22:18,2025-03-16 05:22:18,8.0
681,428,2025-05-31 21:22:18,2025-06-01 05:22:18,8.0
682,308,2025-06-11 21:22:18,2025-06-12 05:22:18,8.0
683,132,2025-03-27 21:22:18,2025-03-28 05:22:18,8.0
684,47,2025-06-18 21:22:18,2025-06-19 05:22:18,8.0
685,252,2025-06-01 21:22:18,2025-06-02 05:22:18,8.0
686,308,2025-03-22 21:22:18,2025-03-23 05:22:18,8.0
687,76,2025-05-29 21:22:18,2025-05-30 05:22:18,8.0
688,372,2025-03-26 21:22:18,2025-03-27 05:22:18,8.0
689,206,2025-03-14 21:22:18,2025-03-15 05:22:18,8.0
690,119,2025-06-16 21:22:18,2025-06-17 05:22:18,8.0
691,371,2025-04-15 21:22:18,2025-04-16 05:22:18,8.0
692,295,2025-06-09 21:22:18,2025-06-10 05:22:18,8.0
693,207,2025-05-06 21:22:18,2025-05-07 05:22:18,8.0
694,164,2025-06-03 21:22:18,2025-06-04 05:22:18,8.0
695,266,2025-04-28 21:22:18,2025-04-29 05:22:18,8.0
696,23,2025-06-19 21:22:18,2025-06-20 05:22:18,8.0
697,29,2025-05-15 21:22:18,2025-05-16 05:22:18,8.0
698,11,2025-04-01 21:22:18,2025-04-02 05:22:18,8.0
699,92,2025-06-19 21:22:18,2025-06-20 05:22:18,8.0
700,141,2025-04-08 21:22:18,2025-04-09 05:22:18,8.0
701,298,2025-06-18 21:22:18,2025-06-19 05:22:18,8.0
702,277,2025-04-18 21:22:18,2025-04-19 05:22:18,8.0
703,152,2025-06-18 21:22:18,2025-06-19 05:22:18,8.0
704,323,2025-03-14 21:22:18,2025-03-15 05:22:18,8.0
705,457,2025-04-13 21:22:18,2025-04-14 05:22:18,8.0
706,19,2025-03-23 21:22:18,2025-03-24 05:22:18,8.0
707,52,2025-06-16 21:22:18,2025-06-17 05:22:18,8.0
708,354,2025-03-17 21:22:18,2025-03-18 05:22:18,8.0
709,73,2025-04-27 21:22:18,2025-04-28 05:22:18,8.0
710,265,2025-05-23 21:22:18,2025-05-24 05:22:18,8.0
711,126,2025-05-07 21:22:18,2025-05-08 05:22:18,8.0
712,302,2025-06-08 21:22:18,2025-06-09 05:22:18,8.0
713,430,2025-04-09 21:22:18,2025-04-10 05:22:18,8.0
714,457,2025-05-15 21:22:18,2025-05-16 05:22:18,8.0
715,117,2025-03-25 21:22:18,2025-03-26 05:22:18,8.0
716,422,2025-04-05 21:22:18,2025-04-06 05:22:18,8.0
717,37,2025-06-07 21:22:18,2025-06-08 05:22:18,8.0
718,429,2025-04-11 21:22:18,2025-04-12 05:22:18,8.0
719,146,2025-04-29 21:22:18,2025-04-30 05:22:18,8.0
720,191,2025-04-27 21:22:18,2025-04-28 05:22:18,8.0
721,408,2025-05-06 21:22:18,2025-05-07 05:22:18,8.0
722,208,2025-06-18 21:22:18,2025-06-19 05:22:18,8.0
723,458,2025-06-08 21:22:18,2025-06-09 05:22:18,8.0
724,214,2025-05-14 21:22:18,2025-05-15 05:22:18,8.0
725,68,2025-03-26 21:22:18,2025-03-27 05:22:18,8.0
726,323,2025-05-14 21:22:18,2025-05-15 05:22:18,8.0
727,3,2025-04-29 21:22:18,2025-04-30 05:22:18,8.0
728,362,2025-05-13 21:22:18,2025-05-14 05:22:18,8.0
729,338,2025-04-15 21:22:18,2025-04-16 05:22:18,8.0
730,82,2025-04-18 21:22:18,2025-04-19 05:22:18,8.0
731,382,2025-05-06 21:22:18,2025-05-07 05:22:18,8.0
732,87,2025-05-04 21:22:18,2025-05-05 05:22:18,8.0
733,149,2025-05-27 21:22:18,2025-05-28 05:22:18,8.0
734,430,2025-03-24 21:22:18,2025-03-25 05:22:18,8.0
735,165,2025-06-03 21:22:18,2025-06-04 05:22:18,8.0
736,244,2025-06-15 21:22:18,2025-06-16 05:22:18,8.0
737,34,2025-03-24 21:22:18,2025-03-25 05:22:18,8.0
738,500,2025-05-02 21:22:18,2025-05-03 05:22:18,8.0
739,205,2025-03-20 21:22:18,2025-03-21 05:22:18,8.0
740,249,2025-06-09 21:22:18,2025-06-10 05:22:18,8.0
741,283,2025-04-16 21:22:18,2025-04-17 05:22:18,8.0
742,1,2025-05-28 21:22:18,2025-05-29 05:22:18,8.0
743,11,2025-04-13 21:22:18,2025-04-14 05:22:18,8.0
744,387,2025-04-27 21:22:18,2025-04-28 05:22:18,8.0
745,84,2025-04-16 21:22:18,2025-04-17 05:22:18,8.0
746,173,2025-04-25 21:22:18,2025-04-26 05:22:18,8.0
747,38,2025-04-17 21:22:18,2025-04-18 05:22:18,8.0
748,371,2025-03-23 21:22:18,2025-03-24 05:22:18,8.0
749,235,2025-06-19 21:22:18,2025-06-20 05:22:18,8.0
750,440,2025-06-09 21:22:18,2025-06-10 05:22:18,8.0
751,292,2025-05-24 21:22:18,2025-05-25 05:22:18,8.0
752,127,2025-05-11 21:22:18,2025-05-12 05:22:18,8.0
753,226,2025-06-13 21:22:18,2025-06-14 05:22:18,8.0
754,473,2025-05-27 21:22:18,2025-05-28 05:22:18,8.0
755,168,2025-05-27 21:22:18,2025-05-28 05:22:18,8.0
756,476,2025-06-02 21:22:18,2025-06-03 05:22:18,8.0
757,389,2025-05-10 21:22:18,2025-05-11 05:22:18,8.0
758,396,2025-05-22 21:22:18,2025-05-23 05:22:18,8.0
759,490,2025-05-31 21:22:18,2025-06-01 05:22:18,8.0
760,493,2025-03-15 21:22:18,2025-03-16 05:22:18,8.0
761,360,2025-05-14 21:22:18,2025-05-15 05:22:18,8.0
762,38,2025-05-26 21:22:18,2025-05-27 05:22:18,8.0
763,125,2025-04-14 21:22:18,2025-04-15 05:22:18,8.0
764,166,2025-06-12 21:22:18,2025-06-13 05:22:18,8.0
765,53,2025-04-11 21:22:18,2025-04-12 05:22:18,8.0
766,365,2025-03-23 21:22:18,2025-03-24 05:22:18,8.0
767,322,2025-03-15 21:22:18,2025-03-16 05:22:18,8.0
768,351,2025-05-09 21:22:18,2025-05-10 05:22:18,8.0
769,277,2025-04-14 21:22:18,2025-04-15 05:22:18,8.0
770,281,2025-05-17 21:22:18,2025-05-18 05:22:18,8.0
771,378,2025-06-16 21:22:18,2025-06-17 05:22:18,8.0
772,219,2025-04-06 21:22:18,2025-04-07 05:22:18,8.0
773,438,2025-04-08 21:22:18,2025-04-09 05:22:18,8.0
774,64,2025-05-15 21:22:18,2025-05-16 05:22:18,8.0
775,227,2025-04-21 21:22:18,2025-04-22 05:22:18,8.0
776,420,2025-04-23 21:22:18,2025-04-24 05:22:18,8.0
777,170,2025-05-07 21:22:18,2025-05-08 05:22:18,8.0
778,472,2025-06-03 21:22:18,2025-06-04 05:22:18,8.0
779,62,2025-04-29 21:22:18,2025-04-30 05:22:18,8.0
780,475,2025-03-12 21:22:18,2025-03-13 05:22:18,8.0
781,303,2025-05-13 21:22:18,2025-05-14 05:22:18,8.0
782,254,2025-06-03 21:22:18,2025-06-04 05:22:18,8.0
783,295,2025-06-09 21:22:18,2025-06-10 05:22:18,8.0
784,177,2025-04-26 21:22:18,2025-04-27 05:22:18,8.0
785,6,2025-06-16 21:22:18,2025-06-17 05:22:18,8.0
786,44,2025-05-11 21:22:18,2025-05-12 05:22:18,8.0
787,433,2025-04-05 21:22:18,2025-04-06 05:22:18,8.0
788,435,2025-06-10 21:22:18,2025-06-11 05:22:18,8.0
789,447,2025-06-04 21:22:18,2025-06-05 05:22:18,8.0
790,225,2025-03-14 21:22:18,2025-03-15 05:22:18,8.0
791,133,2025-03-30 21:22:18,2025-03-31 05:22:18,8.0
792,367,2025-05-03 21:22:18,2025-05-04 05:22:18,8.0
793,426,2025-03-30 21:22:18,2025-03-31 05:22:18,8.0
794,340,2025-05-11 21:22:18,2025-05-12 05:22:18,8.0
795,166,2025-05-20 21:22:18,2025-05-21 05:22:18,8.0
796,404,2025-05-18 21:22:18,2025-05-19 05:22:18,8.0
797,62,2025-03-18 21:22:18,2025-03-19 05:22:18,8.0
798,173,2025-06-05 21:22:18,2025-06-06 05:22:18,8.0
799,212,2025-05-18 21:22:18,2025-05-19 05:22:18,8.0
800,344,2025-06-14 21:22:18,2025-06-15 05:22:18,8.0
801,147,2025-03-31 21:22:18,2025-04-01 05:22:18,8.0
802,141,2025-03-11 21:22:18,2025-03-12 05:22:18,8.0
803,396,2025-04-28 21:22:18,2025-04-29 05:22:18,8.0
804,438,2025-03-31 21:22:18,2025-04-01 05:22:18,8.0
805,75,2025-03-13 21:22:18,2025-03-14 05:22:18,8.0
806,416,2025-03-14 21:22:18,2025-03-15 05:22:18,8.0
807,222,2025-05-18 21:22:18,2025-05-19 05:22:18,8.0
808,278,2025-04-14 21:22:18,2025-04-15 05:22:18,8.0
809,395,2025-05-04 21:22:18,2025-05-05 05:22:18,8.0
810,184,2025-06-17 21:22:18,2025-06-18 05:22:18,8.0
811,471,2025-04-02 21:22:18,2025-04-03 05:22:18,8.0
812,160,2025-05-01 21:22:18,2025-05-02 05:22:18,8.0
813,16,2025-05-18 21:22:18,2025-05-19 05:22:18,8.0
814,478,2025-05-20 21:22:18,2025-05-21 05:22:18,8.0
815,172,2025-05-04 21:22:18,2025-05-05 05:22:18,8.0
816,203,2025-06-08 21:22:18,2025-06-09 05:22:18,8.0
817,249,2025-03-21 21:22:18,2025-03-22 05:22:18,8.0
818,109,2025-03-24 21:22:18,2025-03-25 05:22:18,8.0
819,7,2025-03-25 21:22:18,2025-03-26 05:22:18,8.0
820,453,2025-04-27 21:22:18,2025-04-28 05:22:18,8.0
821,263,2025-05-18 21:22:18,2025-05-19 05:22:18,8.0
822,448,2025-04-06 21:22:18,2025-04-07 05:22:18,8.0
823,185,2025-04-16 21:22:18,2025-04-17 05:22:18,8.0
824,307,2025-05-26 21:22:18,2025-05-27 05:22:18,8.0
825,295,2025-05-19 21:22:18,2025-05-20 05:22:18,8.0
826,266,2025-04-10 21:22:18,2025-04-11 05:22:18,8.0
827,317,2025-06-09 21:22:18,2025-06-10 05:22:18,8.0
828,59,2025-06-07 21:22:18,2025-06-08 05:22:18,8.0
829,311,2025-06-05 21:22:18,2025-06-06 05:22:18,8.0
830,96,2025-05-13 21:22:18,2025-05-14 05:22:18,8.0
831,348,2025-03-20 21:22:18,2025-03-21 05:22:18,8.0
832,281,2025-05-01 21:22:18,2025-05-02 05:22:18,8.0
833,111,2025-06-19 21:22:18,2025-06-20 05:22:18,8.0
834,243,2025-06-02 21:22:18,2025-06-03 05:22:18,8.0
835,198,2025-04-16 21:22:18,2025-04-17 05:22:18,8.0
836,335,2025-03-23 21:22:18,2025-03-24 05:22:18,8.0
837,296,2025-03-11 21:22:18,2025-03-12 05:22:18,8.0
838,430,2025-06-15 21:22:18,2025-06-16 05:22:18,8.0
839,454,2025-05-22 21:22:18,2025-05-23 05:22:18,8.0
840,423,2025-05-29 21:22:18,2025-05-30 05:22:18,8.0
841,394,2025-03-18 21:22:18,2025-03-19 05:22:18,8.0
842,369,2025-04-13 21:22:18,2025-04-14 05:22:18,8.0
843,17,2025-05-28 21:22:18,2025-05-29 05:22:18,8.0
844,296,2025-04-09 21:22:18,2025-04-10 05:22:18,8.0
845,188,2025-05-07 21:22:18,2025-05-08 05:22:18,8.0
846,406,2025-06-18 21:22:18,2025-06-19 05:22:18,8.0
847,477,2025-05-31 21:22:18,2025-06-01 05:22:18,8.0
848,479,2025-06-08 21:22:18,2025-06-09 05:22:18,8.0
849,357,2025-04-07 21:22:18,2025-04-08 05:22:18,8.0
850,82,2025-05-10 21:22:18,2025-05-11 05:22:18,8.0
851,351,2025-05-30 21:22:18,2025-05-31 05:22:18,8.0
852,33,2025-06-11 21:22:18,2025-06-12 05:22:18,8.0
853,172,2025-04-05 21:22:18,2025-04-06 05:22:18,8.0
854,376,2025-04-21 21:22:18,2025-04-22 05:22:18,8.0
855,261,2025-06-19 21:22:18,2025-06-20 05:22:18,8.0
856,150,2025-04-02 21:22:18,2025-04-03 05:22:18,8.0
857,343,2025-04-04 21:22:18,2025-04-05 05:22:18,8.0
858,199,2025-04-13 21:22:18,2025-04-14 05:22:18,8.0
859,473,2025-05-27 21:22:18,2025-05-28 05:22:18,8.0
860,361,2025-04-14 21:22:18,2025-04-15 05:22:18,8.0
861,185,2025-05-08 21:22:18,2025-05-09 05:22:18,8.0
862,370,2025-05-02 21:22:18,2025-05-03 05:22:18,8.0
863,264,2025-04-12 21:22:18,2025-04-13 05:22:18,8.0
864,204,2025-03-30 21:22:18,2025-03-31 05:22:18,8.0
865,298,2025-04-23 21:22:18,2025-04-24 05:22:18,8.0
866,38,2025-04-24 21:22:18,2025-04-25 05:22:18,8.0
867,152,2025-04-08 21:22:18,2025-04-09 05:22:18,8.0
868,219,2025-04-19 21:22:18,2025-04-20 05:22:18,8.0
869,382,2025-06-12 21:22:18,2025-06-13 05:22:18,8.0
870,352,2025-03-11 21:22:18,2025-03-12 05:22:18,8.0
871,91,2025-04-26 21:22:18,2025-04-27 05:22:18,8.0
872,269,2025-04-17 21:22:18,2025-04-18 05:22:18,8.0
873,13,2025-05-21 21:22:18,2025-05-22 05:22:18,8.0
874,454,2025-04-09 21:22:18,2025-04-10 05:22:18,8.0
875,344,2025-03-31 21:22:18,2025-04-01 05:22:18,8.0
876,473,2025-04-06 21:22:18,2025-04-07 05:22:18,8.0
877,52,2025-06-04 21:22:18,2025-06-05 05:22:18,8.0
878,28,2025-04-09 21:22:18,2025-04-10 05:22:18,8.0
879,22,2025-05-20 21:22:18,2025-05-21 05:22:18,8.0
880,53,2025-05-04 21:22:18,2025-05-05 05:22:18,8.0
881,208,2025-05-21 21:22:18,2025-05-22 05:22:18,8.0
882,273,2025-04-22 21:22:18,2025-04-23 05:22:18,8.0
883,84,2025-04-20 21:22:18,2025-04-21 05:22:18,8.0
884,350,2025-05-26 21:22:18,2025-05-27 05:22:18,8.0
885,46,2025-06-19 21:22:18,2025-06-20 05:22:18,8.0
886,83,2025-03-27 21:22:18,2025-03-28 05:22:18,8.0
887,309,2025-06-09 21:22:18,2025-06-10 05:22:18,8.0
888,59,2025-05-24 21:22:18,2025-05-25 05:22:18,8.0
889,218,2025-05-02 21:22:18,2025-05-03 05:22:18,8.0
890,448,2025-06-11 21:22:18,2025-06-12 05:22:18,8.0
891,193,2025-04-05 21:22:18,2025-04-06 05:22:18,8.0
892,129,2025-06-08 21:22:18,2025-06-09 05:22:18,8.0
893,349,2025-04-14 21:22:18,2025-04-15 05:22:18,8.0
894,103,2025-04-21 21:22:18,2025-04-22 05:22:18,8.0
895,245,2025-05-01 21:22:18,2025-05-02 05:22:18,8.0
896,395,2025-03-26 21:22:18,2025-03-27 05:22:18,8.0
897,283,2025-05-16 21:22:18,2025-05-17 05:22:18,8.0
898,378,2025-05-26 21:22:18,2025-05-27 05:22:18,8.0
899,21,2025-04-06 21:22:18,2025-04-07 05:22:18,8.0
900,220,2025-04-09 21:22:18,2025-04-10 05:22:18,8.0
901,272,2025-04-16 21:22:18,2025-04-17 05:22:18,8.0
902,237,2025-04-06 21:22:18,2025-04-07 05:22:18,8.0
903,205,2025-05-19 21:22:18,2025-05-20 05:22:18,8.0
904,424,2025-05-12 21:22:18,2025-05-13 05:22:18,8.0
905,361,2025-04-01 21:22:18,2025-04-02 05:22:18,8.0
906,93,2025-03-15 21:22:18,2025-03-16 05:22:18,8.0
907,324,2025-05-13 21:22:18,2025-05-14 05:22:18,8.0
908,382,2025-04-01 21:22:18,2025-04-02 05:22:18,8.0
909,356,2025-06-10 21:22:18,2025-06-11 05:22:18,8.0
910,467,2025-04-02 21:22:18,2025-04-03 05:22:18,8.0
911,293,2025-05-08 21:22:18,2025-05-09 05:22:18,8.0
912,211,2025-04-21 21:22:18,2025-04-22 05:22:18,8.0
913,447,2025-06-14 21:22:18,2025-06-15 05:22:18,8.0
914,346,2025-04-19 21:22:18,2025-04-20 05:22:18,8.0
915,292,2025-06-06 21:22:18,2025-06-07 05:22:18,8.0
916,127,2025-04-17 21:22:18,2025-04-18 05:22:18,8.0
917,154,2025-03-28 21:22:18,2025-03-29 05:22:18,8.0
918,351,2025-04-06 21:22:18,2025-04-07 05:22:18,8.0
919,306,2025-05-12 21:22:18,2025-05-13 05:22:18,8.0
920,183,2025-03-30 21:22:18,2025-03-31 05:22:18,8.0
921,135,2025-04-14 21:22:18,2025-04-15 05:22:18,8.0
922,183,2025-04-08 21:22:18,2025-04-09 05:22:18,8.0
923,85,2025-05-19 21:22:18,2025-05-20 05:22:18,8.0
924,468,2025-04-27 21:22:18,2025-04-28 05:22:18,8.0
925,453,2025-04-21 21:22:18,2025-04-22 05:22:18,8.0
926,174,2025-05-05 21:22:18,2025-05-06 05:22:18,8.0
927,361,2025-04-10 21:22:18,2025-04-11 05:22:18,8.0
928,99,2025-03-22 21:22:18,2025-03-23 05:22:18,8.0
929,391,2025-04-29 21:22:18,2025-04-30 05:22:18,8.0
930,408,2025-05-06 21:22:18,2025-05-07 05:22:18,8.0
931,434,2025-04-19 21:22:18,2025-04-20 05:22:18,8.0
932,83,2025-05-15 21:22:18,2025-05-16 05:22:18,8.0
933,243,2025-05-12 21:22:18,2025-05-13 05:22:18,8.0
934,292,2025-06-02 21:22:18,2025-06-03 05:22:18,8.0
935,59,2025-06-10 21:22:18,2025-06-11 05:22:18,8.0
936,396,2025-03-18 21:22:18,2025-03-19 05:22:18,8.0
937,448,2025-05-06 21:22:18,2025-05-07 05:22:18,8.0
938,144,2025-04-17 21:22:18,2025-04-18 05:22:18,8.0
939,10,2025-03-17 21:22:18,2025-03-18 05:22:18,8.0
940,226,2025-05-07 21:22:18,2025-05-08 05:22:18,8.0
941,98,2025-03-19 21:22:18,2025-03-20 05:22:18,8.0
942,272,2025-04-26 21:22:18,2025-04-27 05:22:18,8.0
943,469,2025-05-11 21:22:18,2025-05-12 05:22:18,8.0
944,48,2025-04-25 21:22:18,2025-04-26 05:22:18,8.0
945,235,2025-05-24 21:22:18,2025-05-25 05:22:18,8.0
946,494,2025-04-28 21:22:18,2025-04-29 05:22:18,8.0
947,485,2025-06-15 21:22:18,2025-06-16 05:22:18,8.0
948,375,2025-05-22 21:22:18,2025-05-23 05:22:18,8.0
949,141,2025-04-07 21:22:18,2025-04-08 05:22:18,8.0
950,158,2025-03-27 21:22:18,2025-03-28 05:22:18,8.0
951,144,2025-04-05 21:22:18,2025-04-06 05:22:18,8.0
952,395,2025-03-19 21:22:18,2025-03-20 05:22:18,8.0
953,283,2025-04-09 21:22:18,2025-04-10 05:22:18,8.0
954,55,2025-05-31 21:22:18,2025-06-01 05:22:18,8.0
955,472,2025-05-12 21:22:18,2025-05-13 05:22:18,8.0
956,461,2025-06-12 21:22:18,2025-06-13 05:22:18,8.0
957,182,2025-06-08 21:22:18,2025-06-09 05:22:18,8.0
958,100,2025-05-30 21:22:18,2025-05-31 05:22:18,8.0
959,157,2025-06-07 21:22:18,2025-06-08 05:22:18,8.0
960,265,2025-04-13 21:22:18,2025-04-14 05:22:18,8.0
961,196,2025-06-01 21:22:18,2025-06-02 05:22:18,8.0
962,492,2025-04-27 21:22:18,2025-04-28 05:22:18,8.0
963,161,2025-04-15 21:22:18,2025-04-16 05:22:18,8.0
964,151,2025-04-23 21:22:18,2025-04-24 05:22:18,8.0
965,151,2025-04-16 21:22:18,2025-04-17 05:22:18,8.0
966,118,2025-03-29 21:22:18,2025-03-30 05:22:18,8.0
967,139,2025-04-17 21:22:18,2025-04-18 05:22:18,8.0
968,360,2025-05-01 21:22:18,2025-05-02 05:22:18,8.0
969,13,2025-03-12 21:22:18,2025-03-13 05:22:18,8.0
970,286,2025-05-09 21:22:18,2025-05-10 05:22:18,8.0
971,158,2025-04-22 21:22:18,2025-04-23 05:22:18,8.0
972,36,2025-04-20 21:22:18,2025-04-21 05:22:18,8.0
973,57,2025-05-11 21:22:18,2025-05-12 05:22:18,8.0
974,256,2025-03-17 21:22:18,2025-03-18 05:22:18,8.0
975,104,2025-06-13 21:22:18,2025-06-14 05:22:18,8.0
976,368,2025-06-06 21:22:18,2025-06-07 05:22:18,8.0
977,297,2025-05-27 21:22:18,2025-05-28 05:22:18,8.0
978,24,2025-05-27 21:22:18,2025-05-28 05:22:18,8.0
979,498,2025-04-08 21:22:18,2025-04-09 05:22:18,8.0
980,258,2025-03-12 21:22:18,2025-03-13 05:22:18,8.0
981,294,2025-05-16 21:22:18,2025-05-17 05:22:18,8.0
982,68,2025-06-13 21:22:18,2025-06-14 05:22:18,8.0
983,38,2025-04-04 21:22:18,2025-04-05 05:22:18,8.0
984,235,2025-03-31 21:22:18,2025-04-01 05:22:18,8.0
985,372,2025-05-21 21:22:18,2025-05-22 05:22:18,8.0
986,318,2025-05-05 21:22:18,2025-05-06 05:22:18,8.0
987,207,2025-04-29 21:22:18,2025-04-30 05:22:18,8.0
988,344,2025-03-26 21:22:18,2025-03-27 05:22:18,8.0
989,487,2025-06-03 21:22:18,2025-06-04 05:22:18,8.0
990,313,2025-04-18 21:22:18,2025-04-19 05:22:18,8.0
991,44,2025-05-22 21:22:18,2025-05-23 05:22:18,8.0
992,220,2025-04-13 21:22:18,2025-04-14 05:22:18,8.0
993,457,2025-04-20 21:22:18,2025-04-21 05:22:18,8.0
994,119,2025-04-29 21:22:18,2025-04-30 05:22:18,8.0
995,149,2025-05-03 21:22:18,2025-05-04 05:22:18,8.0
996,88,2025-03-11 21:22:18,2025-03-12 05:22:18,8.0
997,120,2025-04-26 21:22:18,2025-04-27 05:22:18,8.0
998,179,2025-04-29 21:22:18,2025-04-30 05:22:18,8.0
999,407,2025-03-20 21:22:18,2025-03-21 05:22:18,8.0
1000,144,2025-03-12 21:22:18,2025-03-13 05:22:18,8.0
