InvestmentID,CustomerID,InvestmentType,Amount,ROI,MaturityDate
1,102,Real Estate,18687.13,11.63,2034-06-11
2,295,Mutual Fund,73366.09,11.04,2035-03-09
3,107,Fixed Deposit,39212.93,7.93,2026-07-29
4,161,Bonds,91381.0,9.84,2032-02-03
5,234,ETF,25878.61,8.09,2027-10-27
6,146,Mutual Fund,87020.59,8.36,2027-07-07
7,198,Bonds,83312.35,11.43,2034-07-06
8,216,Fixed Deposit,11177.83,7.19,2034-03-14
9,127,Fixed Deposit,91580.59,11.13,2032-01-24
10,186,Real Estate,1046.0,3.11,2026-11-06
11,151,Mutual Fund,75962.8,9.14,2030-09-02
12,254,Bonds,42882.84,3.36,2033-05-18
13,116,Mutual Fund,50913.67,10.57,2026-08-13
14,273,Mutual Fund,72686.89,8.05,2032-05-15
15,134,Mutual Fund,10857.54,7.26,2031-03-19
16,187,Fixed Deposit,3216.55,10.51,2033-11-23
17,288,ETF,55277.24,4.14,2033-12-13
18,170,Mutual Fund,73325.12,4.88,2034-09-16
19,193,ETF,99402.61,10.21,2033-10-06
20,269,Bonds,34765.71,5.69,2031-07-12
21,260,Bonds,58216.18,10.97,2027-04-15
22,148,Fixed Deposit,80481.07,4.72,2034-10-26
23,225,ETF,43540.06,7.72,2029-07-31
24,228,ETF,87769.26,5.97,2034-06-21
25,226,Real Estate,95984.76,10.95,2030-10-16
26,249,Mutual Fund,18104.19,11.3,2026-12-12
27,225,Real Estate,25100.5,10.26,2032-03-13
28,178,Real Estate,9015.4,11.42,2028-12-04
29,119,Real Estate,15747.36,6.39,2034-05-10
30,181,ETF,81023.54,5.03,2033-08-05
31,210,Fixed Deposit,59164.97,5.73,2027-03-05
32,130,Mutual Fund,12217.05,11.9,2030-08-02
33,279,Fixed Deposit,4174.34,7.05,2032-05-29
34,267,Mutual Fund,21193.9,8.94,2033-04-23
35,108,Real Estate,37962.76,8.44,2032-01-31
36,181,Fixed Deposit,47063.05,4.58,2032-09-01
37,198,Bonds,66328.68,5.99,2027-06-25
38,173,Fixed Deposit,23448.47,10.69,2030-10-01
39,269,Real Estate,90178.49,9.17,2032-09-19
40,260,Real Estate,85694.86,5.65,2033-06-13
41,296,Fixed Deposit,60345.68,8.53,2030-05-19
42,126,Mutual Fund,37951.39,11.77,2030-08-18
43,125,ETF,22953.33,10.28,2028-02-09
44,170,Mutual Fund,59006.07,10.32,2031-10-20
45,198,Real Estate,50208.92,10.81,2032-10-11
46,208,Mutual Fund,35739.7,8.48,2027-05-14
47,231,Mutual Fund,27919.53,4.53,2028-04-02
48,227,Fixed Deposit,41330.54,6.49,2032-03-24
49,203,Bonds,9710.63,9.18,2035-02-21
50,257,Bonds,90386.79,5.97,2029-09-15
51,158,Real Estate,92520.76,3.79,2033-09-22
52,289,Bonds,32029.84,10.35,2034-07-07
53,254,ETF,14174.78,4.96,2033-08-20
54,100,Bonds,25462.2,9.93,2034-03-09
55,105,Bonds,47520.58,8.55,2035-03-19
56,184,Bonds,31084.93,6.94,2031-11-23
57,298,Mutual Fund,24705.39,7.98,2029-02-13
58,181,ETF,73300.52,3.16,2027-12-29
59,137,Mutual Fund,94338.98,9.62,2035-03-12
60,218,ETF,86927.91,4.6,2026-12-23
61,294,Bonds,30136.25,7.32,2029-02-10
62,128,Real Estate,34471.18,6.46,2027-04-29
63,292,ETF,73947.76,8.61,2029-01-08
64,270,Bonds,85870.05,7.24,2031-05-04
65,263,Real Estate,73560.03,5.6,2033-10-23
66,202,Fixed Deposit,53913.36,3.29,2032-09-26
67,209,Real Estate,38101.31,7.96,2029-10-04
68,214,Real Estate,15483.53,9.59,2030-05-24
69,270,Real Estate,51835.79,7.17,2026-06-28
70,281,ETF,41777.65,8.92,2031-10-01
71,201,Bonds,13114.99,4.87,2026-07-28
72,219,Fixed Deposit,84975.71,10.61,2030-11-02
73,120,Real Estate,35356.94,5.6,2035-03-22
74,270,Bonds,41068.97,4.85,2026-08-10
75,294,Real Estate,38740.92,5.86,2033-03-21
76,152,Mutual Fund,3065.55,8.2,2034-09-17
77,255,Fixed Deposit,37354.4,4.6,2032-06-19
78,157,ETF,11037.68,9.12,2030-12-05
79,114,ETF,82604.17,7.72,2034-09-16
80,145,Bonds,73164.09,9.25,2026-08-20
81,218,ETF,89621.76,5.23,2028-08-10
82,217,ETF,69606.28,4.27,2029-09-14
83,116,Fixed Deposit,29401.75,11.62,2030-09-30
84,216,ETF,88932.12,4.59,2033-08-23
85,137,Mutual Fund,89388.27,8.85,2031-07-12
86,281,ETF,87888.42,6.13,2033-06-26
87,212,ETF,21765.76,7.53,2035-04-10
88,280,Real Estate,30613.94,9.83,2029-12-04
89,250,ETF,71332.91,11.37,2034-02-15
90,216,Fixed Deposit,61435.16,4.97,2035-04-28
91,274,Bonds,85809.15,10.31,2028-07-19
92,229,ETF,78256.95,3.24,2034-05-28
93,279,Mutual Fund,6970.59,6.78,2035-03-03
94,183,Mutual Fund,3462.12,7.13,2029-12-02
95,154,Mutual Fund,74260.83,10.51,2026-12-08
96,168,Fixed Deposit,94300.69,4.97,2030-11-24
97,219,Bonds,6753.25,9.55,2026-09-15
98,211,Bonds,87688.34,10.03,2031-11-17
99,233,Fixed Deposit,5757.22,4.33,2031-10-31
100,246,Real Estate,51131.79,10.32,2032-11-13
101,186,Bonds,81434.52,5.52,2030-03-13
102,111,Real Estate,20717.34,8.32,2030-03-04
103,108,Real Estate,31401.81,11.9,2029-11-14
104,251,Real Estate,33588.03,11.24,2031-08-12
105,295,Real Estate,10630.21,11.34,2027-10-22
106,126,ETF,40633.5,7.54,2032-01-07
107,107,Bonds,72437.12,9.66,2031-06-09
108,266,Mutual Fund,86443.29,9.58,2032-07-10
109,231,ETF,10332.98,3.52,2030-01-05
110,148,ETF,7793.53,3.25,2031-10-07
111,167,Bonds,85751.38,9.51,2033-05-14
112,164,ETF,59083.02,6.95,2034-11-26
113,182,Fixed Deposit,4334.45,4.85,2031-06-21
114,255,Real Estate,17327.42,9.55,2034-10-11
115,195,Bonds,59912.31,6.62,2032-09-16
116,115,Bonds,70004.98,4.13,2030-08-11
117,283,Fixed Deposit,61178.02,7.81,2031-10-09
118,194,ETF,19932.57,7.0,2027-12-26
119,150,ETF,73399.17,7.39,2027-05-28
120,113,Real Estate,20508.58,4.25,2033-05-21
121,106,Fixed Deposit,35672.54,6.94,2028-10-16
122,215,Bonds,11428.96,3.64,2031-08-27
123,137,ETF,81171.97,9.94,2029-07-27
124,109,Real Estate,54092.33,5.17,2027-04-14
125,169,Bonds,33687.19,8.15,2027-09-01
126,104,ETF,79297.19,4.76,2028-05-19
127,246,Mutual Fund,14943.41,4.0,2028-02-28
128,224,Fixed Deposit,94134.25,7.0,2030-04-24
129,222,Mutual Fund,19756.44,7.27,2034-03-16
130,118,Bonds,62731.84,3.6,2030-08-27
131,202,Real Estate,77823.65,8.31,2028-04-03
132,192,ETF,64536.68,11.43,2034-09-06
133,182,Real Estate,74466.81,8.36,2029-10-09
134,264,Mutual Fund,34323.94,5.71,2032-09-07
135,173,Bonds,76272.92,9.27,2028-08-20
136,159,Fixed Deposit,18470.46,3.86,2035-05-25
137,100,ETF,89384.39,6.92,2029-11-26
138,101,Real Estate,87609.3,6.83,2028-06-14
139,159,Real Estate,46473.56,4.47,2029-01-27
140,162,Fixed Deposit,15539.91,10.92,2028-03-23
141,114,Real Estate,13942.85,6.38,2033-06-28
142,237,Bonds,74147.49,4.1,2029-01-22
143,213,Bonds,10024.15,5.71,2027-10-22
144,149,Bonds,51367.55,5.49,2032-11-17
145,279,Fixed Deposit,29803.18,3.5,2032-01-20
146,224,Bonds,67545.44,5.43,2030-12-31
147,149,Fixed Deposit,77202.75,6.13,2033-09-04
148,210,Fixed Deposit,28290.18,3.48,2028-08-19
149,196,Mutual Fund,33427.41,3.17,2027-12-21
150,140,Fixed Deposit,45649.32,4.92,2033-12-01
151,273,ETF,43623.94,8.54,2029-12-05
152,123,Bonds,38021.16,11.89,2032-04-10
153,133,Bonds,55077.58,10.59,2028-07-30
154,292,Real Estate,73536.72,10.15,2032-12-30
155,109,Bonds,60956.27,5.75,2033-09-24
156,240,ETF,93537.76,9.83,2028-05-02
157,132,Bonds,39917.39,6.75,2035-01-27
158,276,ETF,12062.55,5.38,2032-11-28
159,106,Bonds,90174.78,11.24,2030-10-13
160,213,ETF,59024.54,11.63,2028-08-14
161,263,Mutual Fund,6656.08,9.06,2029-10-16
162,111,Mutual Fund,66564.25,8.87,2031-11-27
163,117,Bonds,45293.11,10.9,2027-08-26
164,270,Bonds,99886.45,10.1,2031-05-27
165,135,Real Estate,81851.41,4.83,2035-03-26
166,258,Real Estate,59430.46,7.14,2035-01-06
167,122,Fixed Deposit,75330.22,10.1,2027-03-21
168,273,Bonds,48774.88,3.62,2027-04-27
169,157,Bonds,74672.04,7.65,2030-03-06
170,173,ETF,68075.15,6.83,2031-02-01
171,163,Mutual Fund,26691.02,11.52,2030-10-09
172,279,ETF,55412.88,4.32,2026-08-03
173,291,Fixed Deposit,13965.32,8.63,2034-02-19
174,168,Mutual Fund,85814.85,10.67,2030-02-19
175,185,Real Estate,25578.48,6.46,2032-03-22
176,110,Real Estate,74607.35,4.06,2031-01-19
177,252,Real Estate,96297.24,8.63,2027-06-02
178,200,Bonds,44834.71,4.31,2028-08-17
179,166,Fixed Deposit,61428.22,11.24,2034-01-08
180,244,Real Estate,11501.54,9.63,2026-07-26
181,298,ETF,44972.74,8.34,2029-06-22
182,170,Bonds,72505.65,11.49,2027-03-06
183,218,Mutual Fund,4545.56,5.12,2029-06-09
184,209,Fixed Deposit,22131.98,5.56,2028-01-12
185,227,Bonds,1472.35,3.65,2028-08-10
186,140,Fixed Deposit,58599.05,5.28,2028-06-21
187,277,Mutual Fund,14567.6,9.27,2028-02-26
188,199,Real Estate,11213.68,8.05,2030-02-11
189,267,ETF,55662.65,3.97,2031-03-06
190,137,ETF,58470.83,10.04,2034-11-28
191,134,Bonds,56967.11,8.61,2033-05-26
192,235,Fixed Deposit,64250.85,8.32,2033-10-15
193,121,Real Estate,23627.83,7.64,2032-04-18
194,136,ETF,62252.0,11.96,2027-07-06
195,198,Fixed Deposit,65036.54,5.27,2034-06-05
196,101,Mutual Fund,22886.07,5.79,2029-01-19
197,240,Mutual Fund,51344.04,4.09,2030-12-21
198,278,Fixed Deposit,93025.69,3.18,2030-08-07
199,186,Real Estate,23218.13,5.95,2033-01-24
200,288,Real Estate,56431.8,8.74,2027-09-12
201,146,Real Estate,91923.3,11.24,2034-09-03
202,163,Fixed Deposit,85629.63,10.14,2034-09-26
203,198,Bonds,67646.9,6.06,2032-06-09
204,204,Real Estate,93338.62,11.05,2027-04-13
205,111,Fixed Deposit,29744.2,4.79,2029-04-15
206,284,Mutual Fund,5542.38,8.51,2033-09-08
207,117,Fixed Deposit,1074.22,5.92,2033-12-13
208,180,Fixed Deposit,55135.57,5.63,2029-07-13
209,203,ETF,71336.34,3.27,2027-02-22
210,255,Real Estate,66638.39,10.94,2027-12-12
211,268,Bonds,67319.23,4.89,2033-10-05
212,129,ETF,18915.97,8.07,2029-11-12
213,274,Fixed Deposit,71332.53,5.1,2026-10-26
214,155,Bonds,38754.65,6.88,2034-09-20
215,258,Mutual Fund,59027.04,4.23,2028-01-02
216,202,Real Estate,37821.77,10.33,2026-10-30
217,235,ETF,82937.11,9.57,2028-09-22
218,169,Real Estate,98379.17,6.84,2033-02-22
219,288,Mutual Fund,46431.41,9.87,2028-04-23
220,154,Bonds,74212.39,10.42,2031-04-09
221,227,Fixed Deposit,73436.8,6.44,2035-02-27
222,143,Real Estate,29998.38,9.7,2027-10-15
223,153,Real Estate,64388.01,3.68,2032-07-12
224,220,Mutual Fund,3011.54,11.06,2028-05-26
225,244,Real Estate,41856.83,10.71,2026-12-05
226,267,Mutual Fund,13377.27,4.8,2034-01-19
227,262,Fixed Deposit,59354.91,8.82,2030-05-05
228,111,ETF,7200.15,6.44,2027-09-23
229,214,Mutual Fund,87894.01,7.31,2034-12-19
230,139,Fixed Deposit,67594.95,6.01,2028-12-05
231,192,Real Estate,50922.99,7.11,2031-08-22
232,152,ETF,64454.47,11.49,2033-12-13
233,198,Mutual Fund,45857.84,11.4,2031-01-05
234,259,Mutual Fund,75117.42,9.77,2029-02-26
235,162,Mutual Fund,23117.9,9.81,2030-11-27
236,206,ETF,65946.74,5.74,2029-09-21
237,205,Real Estate,21671.12,9.92,2026-10-15
238,253,ETF,92675.05,6.77,2029-08-26
239,238,Bonds,46102.07,6.66,2032-04-04
240,169,Bonds,55164.05,8.62,2033-12-09
241,226,Real Estate,27579.59,3.9,2028-11-18
242,117,Bonds,17978.68,3.51,2033-07-24
243,215,Mutual Fund,20928.47,8.87,2033-08-13
244,110,Mutual Fund,22528.49,3.06,2031-04-25
245,123,ETF,74746.83,5.39,2029-04-30
246,116,ETF,16229.45,6.98,2034-08-31
247,183,Mutual Fund,67133.78,6.13,2030-10-14
248,245,Mutual Fund,28728.51,5.02,2030-12-09
249,138,Real Estate,70950.81,11.78,2028-04-19
250,219,ETF,28930.77,4.49,2035-01-30
251,191,Mutual Fund,7851.78,7.56,2030-02-14
252,239,ETF,51530.6,10.3,2033-09-21
253,231,Real Estate,4952.22,8.53,2029-09-13
254,241,Fixed Deposit,99247.44,11.47,2032-11-09
255,281,ETF,86319.83,11.87,2031-03-16
256,291,Real Estate,97747.28,8.5,2029-10-18
257,108,Real Estate,85957.53,5.84,2034-05-03
258,291,Bonds,59046.53,7.43,2028-12-19
259,227,Fixed Deposit,13786.41,3.1,2026-10-15
260,211,Fixed Deposit,19291.23,10.2,2031-12-27
261,280,Bonds,46011.99,8.31,2027-05-14
262,245,Bonds,20493.02,9.93,2026-08-03
263,131,Bonds,77071.61,10.2,2028-09-30
264,159,Real Estate,53889.28,3.13,2028-06-26
265,149,Fixed Deposit,42725.56,5.44,2029-09-15
266,292,Real Estate,65078.3,11.44,2027-06-16
267,110,Mutual Fund,57011.23,3.08,2031-08-21
268,151,Fixed Deposit,50275.6,10.31,2034-11-17
269,105,Mutual Fund,18821.95,9.54,2034-04-15
270,164,Bonds,47069.17,5.0,2032-11-15
271,145,Bonds,84691.96,10.65,2032-08-24
272,238,Fixed Deposit,47404.17,9.2,2030-02-15
273,205,Bonds,21825.86,3.56,2034-10-14
274,211,Mutual Fund,5512.52,6.02,2035-05-15
275,276,Mutual Fund,24472.88,4.4,2028-03-24
276,187,Bonds,54471.12,4.54,2033-12-03
277,217,Bonds,52767.73,6.32,2028-11-22
278,210,Real Estate,73572.91,3.59,2027-09-24
279,246,Fixed Deposit,77637.65,5.47,2027-05-05
280,146,ETF,10627.35,4.13,2033-08-26
281,210,ETF,45968.31,6.32,2028-01-26
282,163,Mutual Fund,32569.34,6.02,2033-09-18
283,186,Real Estate,32724.41,8.84,2031-07-01
284,177,Mutual Fund,49890.79,12.0,2034-04-06
285,118,Mutual Fund,34339.4,5.54,2035-01-29
286,210,Mutual Fund,85582.45,3.24,2030-11-01
287,179,Mutual Fund,41742.5,3.68,2027-06-10
288,153,ETF,82069.62,3.22,2030-08-25
289,177,Mutual Fund,72106.57,3.78,2031-12-09
290,249,ETF,86638.79,5.13,2028-01-20
291,124,Bonds,48763.86,8.74,2035-05-27
292,119,Real Estate,68046.13,6.05,2031-08-29
293,243,Fixed Deposit,67538.83,10.8,2027-05-23
294,235,Mutual Fund,57424.61,6.75,2030-09-18
295,274,Bonds,51696.48,8.48,2030-10-15
296,253,Mutual Fund,96639.94,5.24,2034-02-22
297,190,ETF,6464.73,4.67,2031-05-03
298,121,Real Estate,43571.74,10.38,2026-09-02
299,258,Mutual Fund,25317.17,11.87,2032-02-17
300,243,Real Estate,2610.07,4.76,2035-05-28
301,214,Real Estate,83751.6,3.26,2031-08-24
302,248,Fixed Deposit,28127.53,9.68,2035-02-22
303,246,ETF,39291.75,3.61,2029-08-30
304,181,Real Estate,73599.52,11.29,2028-03-31
305,212,Fixed Deposit,82665.13,11.74,2027-11-09
306,144,ETF,10462.16,5.01,2029-04-24
307,290,Mutual Fund,65508.01,5.76,2032-07-20
308,274,Real Estate,51499.64,11.9,2033-03-25
309,256,ETF,59930.73,3.56,2026-11-18
310,242,Fixed Deposit,44930.65,9.67,2030-06-27
311,160,Real Estate,55928.26,8.47,2027-06-09
312,104,Bonds,56288.94,6.69,2028-09-13
313,124,Mutual Fund,64066.13,6.94,2027-06-26
314,138,Bonds,3257.11,5.41,2031-03-15
315,137,Mutual Fund,1648.95,9.93,2028-11-10
316,190,Real Estate,15316.43,6.42,2031-02-21
317,111,Bonds,92036.73,9.7,2034-01-05
318,297,Mutual Fund,43261.61,3.6,2035-04-11
319,220,Real Estate,55234.31,5.46,2029-02-01
320,112,Real Estate,82127.21,11.81,2026-11-26
321,189,Mutual Fund,30881.98,7.49,2031-03-04
322,179,ETF,35295.79,7.16,2030-04-27
323,137,ETF,95290.5,3.99,2033-01-20
324,161,Fixed Deposit,96915.51,5.64,2034-11-18
325,138,Bonds,88481.2,6.92,2033-03-08
326,133,Bonds,87943.55,7.45,2032-11-23
327,117,Bonds,86049.25,5.72,2031-10-14
328,236,Real Estate,68735.46,5.32,2029-09-30
329,231,Real Estate,86100.91,4.87,2027-01-21
330,210,ETF,57346.7,4.43,2031-11-03
331,206,Fixed Deposit,26090.62,11.11,2033-01-06
332,272,ETF,24759.61,4.52,2034-09-04
333,204,Fixed Deposit,2832.36,7.79,2030-12-29
334,177,Mutual Fund,39751.67,9.46,2034-08-07
335,205,ETF,79023.86,6.86,2033-04-01
336,104,Real Estate,57795.99,9.56,2033-02-14
337,129,Bonds,29532.76,10.9,2032-10-01
338,189,Fixed Deposit,9991.18,4.09,2027-01-04
339,250,Bonds,70164.88,8.89,2030-08-26
340,209,Mutual Fund,81584.29,9.54,2034-10-30
341,261,Mutual Fund,7370.67,11.44,2029-03-15
342,224,Fixed Deposit,44092.92,10.83,2030-04-26
343,275,ETF,84551.1,10.74,2027-09-21
344,246,ETF,21869.66,7.26,2027-12-15
345,237,Bonds,32044.98,5.82,2033-01-19
346,262,ETF,92383.17,3.45,2029-12-10
347,235,Real Estate,40231.89,5.27,2033-06-16
348,193,Mutual Fund,76668.02,6.92,2026-06-28
349,116,Real Estate,14046.92,3.3,2026-09-13
350,297,Real Estate,59083.87,11.92,2035-02-15
351,220,Bonds,14092.82,9.1,2029-08-27
352,192,Bonds,67352.86,11.33,2028-05-29
353,180,Mutual Fund,67972.68,8.12,2026-07-16
354,253,Mutual Fund,74057.24,4.55,2028-10-05
355,143,ETF,79883.91,6.74,2033-04-28
356,145,Real Estate,84642.28,6.82,2030-11-06
357,179,Mutual Fund,73737.33,7.95,2032-07-28
358,214,Mutual Fund,76840.46,6.21,2027-01-23
359,108,Real Estate,16681.19,3.53,2028-12-04
360,157,Fixed Deposit,47026.48,8.8,2034-04-16
361,247,Mutual Fund,53566.15,8.88,2029-10-29
362,240,ETF,96006.54,6.19,2035-04-18
363,104,Fixed Deposit,66894.49,8.75,2034-11-05
364,155,Fixed Deposit,82257.33,7.39,2034-09-27
365,122,Mutual Fund,73294.0,3.03,2032-04-06
366,148,Mutual Fund,53619.71,7.35,2031-04-09
367,295,Fixed Deposit,90995.84,9.84,2031-09-23
368,172,Bonds,53809.45,9.55,2026-11-28
369,201,Mutual Fund,4949.65,10.56,2033-05-22
370,123,ETF,18812.29,8.32,2032-01-02
371,233,Fixed Deposit,57982.59,8.58,2034-07-05
372,181,Bonds,82057.05,4.66,2030-04-19
373,182,Bonds,15477.51,9.85,2031-09-13
374,276,Bonds,65050.59,6.14,2032-12-05
375,230,Real Estate,54603.69,7.97,2032-06-17
376,124,Bonds,2235.99,7.19,2033-11-30
377,236,Fixed Deposit,73151.38,7.16,2031-04-21
378,273,ETF,99695.54,7.28,2032-08-17
379,111,ETF,70151.09,9.47,2027-08-31
380,128,Mutual Fund,86169.47,11.26,2031-05-25
381,176,Bonds,93637.66,5.97,2031-12-27
382,120,Bonds,50952.25,4.16,2031-05-04
383,274,ETF,46569.02,5.67,2033-08-24
384,213,Real Estate,34782.91,7.2,2028-07-02
385,280,Real Estate,84833.5,11.3,2028-01-08
386,155,Fixed Deposit,71264.75,3.45,2028-10-31
387,236,ETF,72069.6,4.22,2032-06-30
388,231,Mutual Fund,33478.02,4.02,2032-07-03
389,271,Bonds,63993.81,8.74,2035-06-21
390,156,Mutual Fund,21593.89,4.66,2030-07-10
391,201,Bonds,25907.83,10.12,2027-11-20
392,127,Real Estate,93797.53,5.46,2032-10-10
393,241,Bonds,8786.15,9.72,2027-12-24
394,176,Fixed Deposit,34794.19,8.42,2029-04-02
395,288,ETF,6145.39,7.79,2032-03-11
396,219,Bonds,68348.93,3.59,2032-06-23
397,195,ETF,83130.38,9.26,2029-07-27
398,298,Bonds,16776.41,4.56,2035-01-04
399,177,Bonds,83428.11,6.6,2031-05-08
400,134,ETF,64551.65,3.82,2032-08-04
401,210,Fixed Deposit,98674.74,10.67,2029-11-11
402,117,ETF,91663.54,10.41,2031-09-03
403,174,Bonds,53446.07,9.48,2028-11-12
404,182,Real Estate,24636.82,7.6,2033-06-17
405,182,Fixed Deposit,87760.1,9.36,2034-04-26
406,276,ETF,20290.83,6.86,2035-03-25
407,215,Fixed Deposit,84395.88,4.98,2026-10-23
408,123,Mutual Fund,68180.03,9.58,2028-09-09
409,217,Real Estate,6096.86,4.16,2033-04-24
410,162,ETF,32023.63,8.73,2027-11-13
411,169,Mutual Fund,73366.87,10.75,2028-06-11
412,298,Bonds,89170.07,7.86,2027-04-04
413,274,Fixed Deposit,49050.89,10.62,2027-05-16
414,198,Real Estate,52480.32,6.36,2030-02-10
415,123,Bonds,80274.28,9.55,2033-11-15
416,184,Fixed Deposit,20471.23,3.39,2029-06-25
417,218,Mutual Fund,7597.35,8.36,2030-09-10
418,264,Real Estate,95596.07,11.65,2030-02-24
419,255,Real Estate,82168.32,4.98,2034-11-27
420,261,Fixed Deposit,12548.78,7.48,2033-03-10
421,130,Mutual Fund,42413.9,8.04,2030-04-17
422,163,ETF,82454.79,9.31,2031-03-20
423,193,ETF,10432.73,11.74,2030-10-22
424,116,Bonds,42633.33,9.35,2029-09-11
425,113,Bonds,54698.0,9.85,2029-01-07
426,253,Real Estate,83757.16,11.91,2032-06-03
427,276,Bonds,68322.87,6.21,2034-08-14
428,246,Real Estate,60976.22,5.65,2028-09-16
429,170,Bonds,18467.99,10.95,2032-04-23
430,211,Mutual Fund,21979.5,7.35,2027-07-29
431,110,ETF,67701.35,6.88,2026-10-26
432,103,ETF,56990.09,6.67,2034-12-18
433,143,Bonds,96057.85,5.04,2032-06-21
434,194,ETF,34968.72,3.8,2029-07-31
435,293,Bonds,92030.83,8.53,2034-09-22
436,123,Real Estate,47029.65,3.44,2033-09-06
437,159,Bonds,2444.78,10.02,2033-12-21
438,166,Real Estate,99780.48,9.19,2028-04-20
439,106,Real Estate,68017.69,8.32,2035-05-16
440,119,Fixed Deposit,48773.53,8.55,2027-04-05
441,228,Real Estate,52983.71,10.85,2027-11-30
442,256,Real Estate,54860.52,9.99,2032-12-09
443,167,ETF,50451.92,6.04,2034-03-04
444,147,Mutual Fund,31362.34,7.88,2027-03-18
445,228,Real Estate,63401.0,5.06,2028-05-31
446,129,ETF,12425.15,5.35,2029-05-27
447,221,Mutual Fund,54190.71,9.96,2033-09-26
448,213,Bonds,98474.02,3.35,2029-06-06
449,290,Bonds,13707.65,6.55,2031-01-03
450,117,Real Estate,2863.61,4.46,2030-06-21
451,266,Real Estate,96688.66,11.39,2033-09-10
452,288,ETF,36610.66,6.31,2030-09-18
453,247,Fixed Deposit,72132.05,11.71,2034-05-23
454,156,Real Estate,47742.27,8.54,2031-07-17
455,289,Mutual Fund,40307.2,6.48,2030-12-12
456,269,Real Estate,55610.08,5.41,2027-08-21
457,230,Mutual Fund,15284.97,6.79,2032-02-23
458,183,Real Estate,36796.67,7.84,2028-07-01
459,187,Bonds,82647.14,6.87,2028-04-25
460,144,ETF,84875.33,9.6,2026-09-27
461,114,ETF,71552.54,3.71,2033-05-30
462,222,Real Estate,69425.28,4.3,2029-12-13
463,115,ETF,78679.51,3.11,2031-02-13
464,166,Fixed Deposit,99078.63,9.52,2028-05-28
465,221,ETF,86541.14,9.23,2028-10-14
466,128,ETF,43820.76,5.4,2032-06-19
467,140,Real Estate,72169.51,11.35,2034-06-29
468,201,Bonds,56729.59,10.01,2028-12-27
469,158,Real Estate,54217.06,3.05,2033-08-18
470,133,Mutual Fund,66745.04,9.34,2033-06-08
471,162,Bonds,31472.94,11.23,2030-07-13
472,230,Real Estate,15300.15,8.64,2029-04-30
473,217,Mutual Fund,48526.32,5.16,2034-11-11
474,213,Bonds,56962.87,4.08,2029-05-12
475,182,Mutual Fund,43066.06,9.37,2026-07-03
476,208,Real Estate,6032.94,8.26,2030-05-14
477,153,Bonds,35150.79,9.12,2034-06-20
478,197,Fixed Deposit,18549.22,9.98,2028-04-01
479,290,Mutual Fund,99485.95,6.06,2033-01-16
480,210,Mutual Fund,3166.44,11.23,2026-10-03
481,193,Fixed Deposit,32539.89,3.82,2032-08-29
482,262,Mutual Fund,26775.68,4.55,2034-04-08
483,287,Mutual Fund,3898.88,11.92,2034-02-06
484,106,Real Estate,87094.43,7.19,2028-02-13
485,297,ETF,63892.99,10.24,2028-08-04
486,174,Mutual Fund,27401.8,7.39,2030-01-06
487,161,Real Estate,17478.76,10.43,2029-09-11
488,299,Bonds,81331.7,10.23,2030-02-15
489,169,ETF,16083.43,7.88,2034-07-29
490,186,Fixed Deposit,48854.8,10.17,2027-08-06
491,168,Mutual Fund,41795.22,6.62,2032-08-20
492,182,Fixed Deposit,89078.54,3.39,2029-02-04
493,202,Bonds,69919.73,7.14,2031-05-01
494,186,Bonds,60605.38,5.68,2034-05-29
495,111,Fixed Deposit,92701.36,7.6,2027-11-04
496,173,Real Estate,80999.27,4.86,2027-05-26
497,274,Fixed Deposit,89765.58,7.14,2034-10-22
498,202,Mutual Fund,78775.58,4.93,2028-03-02
499,271,Mutual Fund,17817.11,5.02,2030-09-12
500,203,Mutual Fund,45667.84,11.33,2027-07-02
501,288,Real Estate,49840.35,5.2,2035-04-26
502,256,Fixed Deposit,1056.03,7.64,2032-02-24
503,102,Bonds,14091.87,4.73,2029-05-24
504,140,Mutual Fund,26869.94,3.37,2029-01-04
505,278,Real Estate,86001.36,10.66,2033-03-05
506,110,Bonds,24471.73,5.77,2031-06-03
507,143,Fixed Deposit,61356.66,9.64,2033-10-17
508,298,Real Estate,4475.97,5.53,2028-04-06
509,114,Fixed Deposit,32151.55,5.3,2031-07-17
510,174,Bonds,86813.58,6.65,2028-05-30
511,127,Fixed Deposit,97995.28,8.48,2034-02-01
512,228,Fixed Deposit,61767.03,5.75,2027-03-08
513,108,Bonds,55916.33,8.84,2034-07-13
514,176,Fixed Deposit,27065.18,9.44,2029-04-13
515,162,Bonds,98313.35,9.11,2033-12-15
516,272,Bonds,52719.93,11.03,2035-03-15
517,223,Bonds,94650.54,8.26,2032-08-09
518,245,Fixed Deposit,56532.64,8.86,2034-12-11
519,263,ETF,13516.46,11.7,2031-12-02
520,204,Mutual Fund,74165.15,5.48,2032-11-06
521,115,Mutual Fund,87517.04,6.61,2026-11-16
522,212,Real Estate,20131.37,3.75,2034-02-13
523,230,Fixed Deposit,37486.88,11.38,2028-06-27
524,139,ETF,90487.47,3.0,2034-02-04
525,134,Mutual Fund,37055.31,4.65,2034-03-03
526,218,Real Estate,92339.35,10.96,2027-11-19
527,135,ETF,43364.51,10.41,2030-07-12
528,108,Real Estate,1687.51,4.13,2031-11-09
529,141,Mutual Fund,46927.71,7.66,2030-10-25
530,151,Bonds,12952.95,11.78,2031-03-12
531,158,Real Estate,69850.67,8.33,2026-11-01
532,216,Fixed Deposit,95565.3,7.11,2027-08-31
533,253,Bonds,69892.2,3.15,2030-11-20
534,189,ETF,56370.71,7.04,2028-10-13
535,133,Mutual Fund,40107.86,9.95,2026-11-14
536,177,Bonds,54244.04,11.63,2028-10-01
537,176,Bonds,96023.26,6.23,2033-07-17
538,237,Real Estate,26619.99,3.32,2031-03-14
539,198,Mutual Fund,66486.5,8.02,2035-01-29
540,184,Mutual Fund,87196.85,5.73,2034-01-17
541,268,Mutual Fund,5580.82,11.08,2034-09-15
542,260,Fixed Deposit,35252.78,6.47,2028-05-22
543,180,Real Estate,41294.89,9.05,2027-12-15
544,245,ETF,24555.84,5.39,2031-05-02
545,174,Fixed Deposit,53717.91,3.79,2031-08-06
546,211,Bonds,82586.35,5.09,2031-04-09
547,208,Fixed Deposit,79104.97,7.26,2035-06-17
548,285,Real Estate,10915.62,3.8,2033-09-08
549,255,Fixed Deposit,34973.42,9.54,2032-12-02
550,222,Mutual Fund,42487.25,8.35,2031-11-29
551,138,Fixed Deposit,98585.2,5.96,2030-02-07
552,199,ETF,50612.55,9.81,2031-11-03
553,277,Mutual Fund,84094.85,7.33,2026-07-05
554,102,Real Estate,2197.89,10.99,2026-11-02
555,120,Mutual Fund,46003.28,5.7,2034-02-24
556,141,Bonds,84074.47,9.0,2033-10-30
557,133,Bonds,4871.43,10.19,2028-03-04
558,196,Bonds,65768.46,8.4,2028-02-19
559,101,Bonds,43304.71,5.26,2027-01-01
560,274,Bonds,11322.98,10.26,2031-04-05
561,204,Bonds,87008.05,10.39,2029-10-08
562,182,Real Estate,68479.95,11.67,2029-12-02
563,213,Real Estate,63101.03,3.25,2033-04-10
564,120,Bonds,95448.84,7.04,2034-01-03
565,132,ETF,74483.93,4.99,2028-08-17
566,135,Mutual Fund,83917.03,7.55,2032-10-17
567,100,Bonds,67461.29,4.41,2028-06-13
568,270,Bonds,78614.2,8.21,2029-09-26
569,214,Real Estate,67684.3,6.97,2030-06-08
570,253,ETF,48579.33,8.45,2030-12-16
571,115,Bonds,37820.03,9.1,2031-10-02
572,204,ETF,88869.26,9.3,2034-05-24
573,202,Bonds,63663.42,9.87,2026-12-17
574,108,ETF,19611.31,9.59,2032-12-18
575,159,Bonds,7040.98,11.2,2032-10-01
576,100,ETF,54949.03,9.36,2027-04-02
577,126,Fixed Deposit,56672.18,3.49,2032-09-27
578,297,Bonds,95515.27,11.68,2034-11-18
579,205,Fixed Deposit,12672.48,7.25,2031-01-03
580,114,Bonds,77166.84,9.34,2028-06-28
581,129,ETF,11000.06,3.63,2026-09-23
582,194,Real Estate,70848.44,3.43,2034-09-06
583,220,ETF,80261.43,4.82,2028-04-15
584,233,Real Estate,11098.88,9.45,2027-01-18
585,259,Bonds,19087.58,4.32,2028-03-19
586,282,Real Estate,92266.11,8.03,2029-11-23
587,234,Bonds,54115.83,9.15,2029-06-17
588,116,Fixed Deposit,57746.79,4.05,2030-01-09
589,213,Fixed Deposit,29221.35,5.7,2035-02-20
590,124,Bonds,23786.65,8.75,2029-09-04
591,181,Fixed Deposit,80103.12,6.81,2033-01-25
592,266,ETF,59681.8,4.55,2032-12-08
593,296,Bonds,86628.01,7.06,2030-12-13
594,201,ETF,70260.12,6.23,2033-04-23
595,132,Bonds,66274.82,11.85,2030-09-07
596,148,Fixed Deposit,53197.41,8.29,2028-06-04
597,276,Fixed Deposit,15424.83,8.37,2029-12-28
598,191,Bonds,36109.54,9.66,2029-09-29
599,115,Fixed Deposit,7906.88,10.6,2026-06-25
600,275,Bonds,9192.85,6.42,2031-08-10
601,202,Fixed Deposit,88389.5,4.47,2032-08-28
602,285,Fixed Deposit,58520.5,5.01,2027-01-15
603,126,Fixed Deposit,35566.08,11.74,2034-11-15
604,213,ETF,91377.12,5.7,2033-02-23
605,240,Mutual Fund,95986.42,8.96,2031-01-14
606,210,Fixed Deposit,47171.81,10.64,2032-05-10
607,234,ETF,94655.84,4.94,2026-07-02
608,118,ETF,57720.08,6.42,2027-02-02
609,188,Bonds,79559.64,5.68,2031-09-07
610,127,Fixed Deposit,23688.12,7.56,2028-11-02
611,149,Mutual Fund,97378.13,9.9,2031-11-21
612,296,ETF,36612.24,9.03,2026-10-20
613,235,Mutual Fund,69759.02,3.2,2033-07-09
614,203,Fixed Deposit,2327.32,4.65,2026-10-04
615,102,Real Estate,27536.08,8.62,2034-06-02
616,208,Fixed Deposit,33318.39,11.36,2035-05-13
617,138,ETF,41868.55,3.6,2030-06-07
618,155,ETF,24468.87,4.42,2030-10-26
619,149,Mutual Fund,31309.57,9.37,2034-02-19
620,206,ETF,97987.48,9.1,2029-10-29
621,293,Mutual Fund,57181.4,3.84,2034-06-06
622,182,Bonds,58154.28,6.03,2029-08-30
623,131,Real Estate,7906.04,11.26,2030-07-20
624,158,ETF,77841.18,8.1,2027-12-21
625,151,Mutual Fund,3330.56,11.64,2034-01-09
626,117,Bonds,84936.83,10.28,2029-08-23
627,213,ETF,26777.66,11.9,2030-04-15
628,109,ETF,87691.78,5.53,2033-04-13
629,135,Fixed Deposit,22274.4,5.09,2033-01-17
630,135,Fixed Deposit,45317.99,4.83,2031-02-18
631,150,Real Estate,21998.32,3.52,2027-11-29
632,295,Bonds,64865.68,4.37,2029-01-18
633,237,Fixed Deposit,48559.13,11.97,2034-09-21
634,210,Fixed Deposit,37956.14,7.57,2034-03-13
635,275,ETF,32543.78,7.38,2034-11-13
636,136,ETF,3784.05,11.53,2034-01-05
637,208,Fixed Deposit,93469.78,9.46,2030-07-24
638,116,Mutual Fund,27432.55,11.56,2032-05-29
639,222,ETF,99195.36,10.67,2033-09-25
640,245,Real Estate,40046.0,3.88,2028-01-22
641,240,Bonds,59871.31,11.96,2027-06-27
642,176,Bonds,35092.31,8.34,2027-09-25
643,207,Bonds,33897.93,5.75,2031-07-28
644,299,Bonds,61513.27,9.81,2028-07-22
645,242,Mutual Fund,79471.47,9.39,2035-06-20
646,173,Bonds,70894.81,7.77,2030-01-17
647,290,Bonds,97074.97,3.85,2029-04-22
648,148,Mutual Fund,92614.92,6.24,2035-02-01
649,138,Bonds,34874.75,9.73,2029-08-23
650,299,Bonds,33436.93,3.81,2032-06-01
651,186,Fixed Deposit,37367.7,11.04,2030-11-18
652,155,Real Estate,24700.28,5.77,2027-12-23
653,188,Bonds,91705.89,11.74,2026-11-24
654,216,Real Estate,67116.74,7.09,2033-06-05
655,247,Real Estate,23408.9,5.21,2035-04-01
656,254,Fixed Deposit,26550.58,3.62,2034-09-23
657,289,Real Estate,55837.08,6.79,2034-05-15
658,171,Real Estate,88552.22,4.79,2033-06-30
659,240,Bonds,67713.35,5.63,2029-07-12
660,159,Bonds,19487.09,7.23,2035-03-11
661,125,ETF,16796.22,10.38,2028-03-30
662,271,Bonds,67979.39,8.16,2033-05-26
663,295,Bonds,28569.08,8.96,2032-03-07
664,202,ETF,28481.97,7.34,2035-05-06
665,216,Bonds,33322.85,10.16,2029-09-05
666,207,ETF,35361.32,10.2,2034-07-30
667,251,Bonds,66024.36,7.43,2031-08-25
668,209,Mutual Fund,4085.59,7.49,2028-02-11
669,215,Mutual Fund,51118.07,9.26,2030-08-28
670,274,ETF,81197.35,9.77,2028-02-21
671,200,Mutual Fund,61844.3,4.01,2029-11-08
672,220,ETF,84220.73,5.43,2029-02-17
673,101,Fixed Deposit,64519.07,3.96,2027-04-04
674,295,Bonds,68271.35,5.0,2033-06-15
675,111,Mutual Fund,93043.25,4.86,2032-11-08
676,295,Bonds,81749.98,9.19,2027-10-02
677,298,Bonds,74325.99,4.72,2031-01-20
678,294,Bonds,11010.48,5.94,2034-11-17
679,169,Bonds,47680.69,9.93,2029-02-01
680,292,ETF,48038.59,9.11,2031-02-03
681,113,Real Estate,28257.45,3.24,2035-03-04
682,179,Fixed Deposit,71035.02,7.0,2031-02-11
683,154,Real Estate,18052.79,4.34,2028-02-02
684,127,Bonds,81363.54,10.97,2033-03-26
685,155,Real Estate,24717.48,6.73,2027-06-08
686,225,Mutual Fund,68013.26,4.94,2028-06-23
687,244,Bonds,73414.29,6.42,2032-12-03
688,203,Real Estate,44558.97,10.2,2032-06-18
689,155,Fixed Deposit,41335.43,9.3,2030-08-21
690,148,Bonds,5477.38,10.56,2027-02-24
691,260,Mutual Fund,27818.95,7.51,2032-06-27
692,289,Real Estate,72814.2,10.03,2034-07-02
693,134,Bonds,54045.69,7.13,2034-12-22
694,105,Fixed Deposit,62359.32,10.49,2028-10-30
695,164,Bonds,6753.39,6.02,2028-08-15
696,152,Mutual Fund,31874.96,8.06,2028-12-19
697,105,Fixed Deposit,73741.34,3.02,2028-11-26
698,115,ETF,42218.42,8.9,2029-01-09
699,193,ETF,55982.13,9.2,2030-08-10
700,121,Mutual Fund,52817.98,4.02,2026-09-03
701,143,Mutual Fund,64451.63,11.27,2033-12-03
702,269,ETF,98023.45,7.34,2034-01-19
703,161,ETF,33555.34,9.88,2029-06-30
704,222,Real Estate,76803.66,10.68,2034-10-22
705,187,ETF,16245.56,11.49,2031-05-14
706,258,ETF,30347.76,11.02,2035-06-21
707,164,Fixed Deposit,67604.43,8.87,2028-08-21
708,218,Bonds,15783.05,9.29,2032-02-15
709,161,Fixed Deposit,35228.38,10.34,2033-03-04
710,299,Real Estate,3284.47,3.78,2032-03-29
711,182,Mutual Fund,99238.27,4.06,2029-05-08
712,158,Real Estate,71573.71,10.65,2026-09-06
713,280,Mutual Fund,70390.99,8.39,2033-04-17
714,258,ETF,52554.23,6.05,2035-03-24
715,202,Mutual Fund,93266.08,9.51,2029-11-24
716,123,Fixed Deposit,38183.46,11.6,2033-01-23
717,207,Real Estate,26877.75,10.85,2027-01-24
718,253,Fixed Deposit,79266.18,9.94,2031-04-18
719,243,ETF,50575.51,4.22,2031-12-10
720,228,Mutual Fund,89151.18,12.0,2033-05-25
721,220,Fixed Deposit,65543.07,5.02,2030-01-15
722,256,ETF,64406.3,7.89,2032-07-28
723,279,Mutual Fund,14012.93,5.86,2027-03-16
724,270,Fixed Deposit,47914.46,7.74,2034-10-04
725,166,Bonds,37663.12,11.85,2028-08-25
726,294,Mutual Fund,79827.04,3.73,2032-08-10
727,247,Bonds,70721.41,7.93,2032-11-16
728,246,ETF,95640.26,9.21,2032-05-04
729,281,Bonds,21437.51,3.18,2032-01-04
730,126,Real Estate,49765.83,6.69,2035-02-27
731,109,Fixed Deposit,7082.94,3.51,2032-05-17
732,258,Fixed Deposit,71941.27,7.03,2029-07-28
733,245,ETF,28264.07,10.28,2028-09-18
734,214,ETF,55621.9,5.23,2031-12-23
735,141,Bonds,8978.24,7.23,2031-08-20
736,179,Mutual Fund,95466.76,4.83,2033-12-19
737,191,Fixed Deposit,1255.95,5.1,2026-07-09
738,151,Fixed Deposit,88885.74,4.08,2031-04-21
739,104,Real Estate,42742.72,6.51,2032-01-08
740,172,Real Estate,91126.52,8.32,2034-03-14
741,181,Bonds,5932.1,4.69,2027-01-22
742,108,ETF,39451.93,5.34,2032-09-17
743,121,ETF,18769.02,9.59,2035-03-02
744,222,Fixed Deposit,47695.18,3.76,2033-02-11
745,279,Bonds,35164.84,8.27,2026-07-05
746,148,Fixed Deposit,35958.29,8.85,2034-05-29
747,193,ETF,3777.12,6.78,2034-02-22
748,237,Mutual Fund,61611.14,10.73,2029-09-30
749,221,ETF,28437.93,10.34,2035-06-16
750,114,Mutual Fund,18414.14,10.7,2028-02-17
751,127,Fixed Deposit,99618.75,6.59,2032-02-04
752,298,Fixed Deposit,47092.42,7.55,2033-08-12
753,273,Mutual Fund,66239.99,10.85,2028-10-19
754,293,Mutual Fund,85847.62,8.04,2034-05-06
755,298,ETF,79720.05,8.97,2035-06-14
756,132,Fixed Deposit,59385.45,3.65,2032-07-12
757,196,Real Estate,20088.85,10.8,2029-02-05
758,141,Bonds,18193.4,10.13,2028-12-25
759,103,Mutual Fund,88485.35,9.29,2029-01-05
760,154,Bonds,51166.96,11.87,2035-01-20
761,253,ETF,12892.15,6.93,2035-06-16
762,244,Mutual Fund,37754.06,8.85,2031-06-22
763,151,Real Estate,71097.19,11.53,2032-10-09
764,189,Fixed Deposit,43054.44,8.96,2029-08-09
765,141,Real Estate,7735.33,4.7,2030-06-17
766,295,Real Estate,95668.37,3.65,2034-04-23
767,139,ETF,60753.78,11.93,2028-10-06
768,138,Bonds,49326.21,4.07,2027-08-12
769,286,Fixed Deposit,81656.37,8.9,2033-01-17
770,109,Real Estate,24056.74,9.52,2030-12-04
771,245,ETF,59774.33,11.34,2030-11-27
772,174,Mutual Fund,7023.39,3.38,2033-10-15
773,265,Bonds,90939.21,9.08,2030-07-04
774,164,Fixed Deposit,7043.63,7.65,2029-07-25
775,176,ETF,86332.41,9.58,2031-09-17
776,166,Bonds,40812.97,7.09,2028-06-01
777,290,ETF,99994.16,10.68,2027-08-31
778,295,Mutual Fund,62859.24,10.91,2031-02-08
779,104,Fixed Deposit,31552.18,5.4,2030-10-31
780,218,Bonds,18108.22,4.12,2027-07-25
781,174,Fixed Deposit,82978.89,11.5,2033-01-07
782,129,Bonds,47881.31,7.81,2033-01-07
783,118,Bonds,56861.67,4.44,2031-11-19
784,285,Fixed Deposit,45181.59,7.81,2028-08-28
785,119,Bonds,18252.92,6.26,2033-05-09
786,114,Fixed Deposit,24623.5,8.08,2029-07-02
787,160,Real Estate,29236.1,11.0,2030-12-19
788,237,Real Estate,78348.23,4.33,2034-06-28
789,238,ETF,66101.67,9.92,2031-08-20
790,178,Mutual Fund,61385.77,9.06,2033-04-24
791,181,Real Estate,26691.23,8.71,2033-02-14
792,213,Bonds,43433.13,3.46,2032-07-17
793,196,Bonds,39616.89,3.27,2034-02-21
794,269,ETF,97079.43,3.47,2034-03-24
795,237,ETF,38725.39,9.79,2029-03-16
796,299,Real Estate,67755.22,4.19,2033-12-04
797,148,Real Estate,37467.87,11.86,2030-09-15
798,204,Real Estate,19697.33,6.92,2032-08-04
799,156,Mutual Fund,32346.09,11.38,2031-02-26
800,133,Mutual Fund,3506.69,11.69,2031-05-13
801,221,ETF,49055.32,8.48,2027-10-21
802,164,Bonds,87829.52,6.18,2035-03-23
803,174,Mutual Fund,10481.64,7.41,2033-01-10
804,142,ETF,64929.52,7.17,2027-02-07
805,188,ETF,34236.41,6.54,2030-04-15
806,276,Bonds,49203.07,8.62,2029-09-26
807,102,Real Estate,70581.09,4.51,2030-09-17
808,275,Bonds,29314.28,9.71,2032-05-03
809,167,Mutual Fund,85450.9,6.8,2026-09-09
810,266,Mutual Fund,28050.85,7.55,2028-08-02
811,141,Bonds,38947.69,9.54,2034-08-25
812,273,Mutual Fund,41067.52,5.9,2027-07-25
813,160,Real Estate,81956.37,6.08,2029-02-01
814,190,Mutual Fund,43471.42,9.33,2035-05-09
815,128,Mutual Fund,96785.04,10.84,2029-06-11
816,300,Mutual Fund,81565.98,3.94,2026-10-27
817,160,Fixed Deposit,50463.35,7.26,2031-05-25
818,200,Fixed Deposit,23940.12,8.52,2034-09-17
819,133,Bonds,44116.92,10.48,2026-10-17
820,150,ETF,36004.15,9.37,2030-10-13
821,244,ETF,75142.86,8.45,2029-01-24
822,290,ETF,49382.97,4.88,2032-08-01
823,126,ETF,64696.96,10.08,2027-02-19
824,129,Mutual Fund,40958.88,9.98,2028-06-22
825,113,Mutual Fund,36107.97,3.76,2032-05-30
826,177,Fixed Deposit,83716.22,4.25,2031-05-01
827,102,Mutual Fund,75378.79,8.85,2028-10-09
828,115,Mutual Fund,97604.22,7.25,2027-04-05
829,201,Bonds,54125.59,3.74,2034-05-28
830,281,Mutual Fund,67719.8,4.25,2034-11-08
831,182,Bonds,52977.75,3.52,2026-11-12
832,105,Real Estate,77576.47,8.62,2026-07-21
833,212,Bonds,97741.51,9.6,2027-08-24
834,125,Mutual Fund,9844.8,7.2,2034-05-01
835,247,Real Estate,74249.64,6.18,2034-07-31
836,252,ETF,21304.84,9.71,2029-09-07
837,250,Bonds,1877.91,7.46,2030-09-30
838,231,Bonds,41077.79,10.67,2026-08-03
839,231,Bonds,56488.81,11.28,2030-01-15
840,140,Real Estate,20632.18,9.39,2029-09-26
841,231,Bonds,15295.65,7.58,2031-01-07
842,242,Mutual Fund,21126.37,4.51,2028-07-04
843,238,Real Estate,66774.93,5.15,2028-01-21
844,245,Real Estate,97144.05,11.81,2032-04-13
845,150,ETF,25579.99,10.2,2034-02-06
846,219,ETF,62180.59,6.98,2034-04-29
847,159,Bonds,25828.24,5.89,2032-02-13
848,268,Real Estate,83496.34,5.11,2026-12-23
849,118,Real Estate,49503.69,3.78,2032-02-13
850,166,Mutual Fund,68881.09,8.06,2028-10-30
851,153,Fixed Deposit,72054.08,7.5,2030-07-08
852,121,Fixed Deposit,73512.99,6.18,2029-06-13
853,217,Fixed Deposit,65149.73,7.92,2028-01-16
854,133,Mutual Fund,40364.22,3.97,2028-01-29
855,297,ETF,51498.67,4.66,2035-04-26
856,168,Real Estate,59841.21,11.4,2028-09-01
857,140,ETF,14929.55,11.24,2031-12-15
858,158,Bonds,12318.07,9.31,2029-06-08
859,207,Mutual Fund,30353.97,9.69,2034-01-15
860,245,ETF,5501.38,9.16,2032-09-17
861,189,Mutual Fund,16206.96,5.39,2030-08-09
862,286,Fixed Deposit,37732.43,5.24,2030-10-05
863,122,Real Estate,88185.68,3.87,2030-11-30
864,190,Real Estate,60291.72,10.09,2030-11-26
865,161,ETF,70237.14,6.88,2035-04-21
866,152,Real Estate,89435.15,6.35,2033-06-19
867,124,Mutual Fund,73549.53,5.33,2033-04-08
868,273,ETF,79750.45,6.82,2030-09-09
869,147,Fixed Deposit,66581.98,6.24,2035-05-04
870,258,Mutual Fund,39546.61,8.32,2034-07-02
871,125,Mutual Fund,45619.72,6.88,2026-08-01
872,241,Fixed Deposit,69324.62,11.31,2030-12-22
873,219,ETF,64357.69,7.18,2033-09-13
874,102,Mutual Fund,81023.65,8.67,2034-01-23
875,234,Mutual Fund,43510.55,8.0,2028-01-30
876,270,Mutual Fund,77465.87,10.08,2028-02-04
877,286,Bonds,71899.95,4.61,2031-01-25
878,127,Real Estate,47710.55,8.67,2028-10-13
879,258,Mutual Fund,12880.52,3.67,2028-01-29
880,237,Fixed Deposit,10822.96,8.49,2035-03-28
881,187,Mutual Fund,88503.17,3.73,2028-12-07
882,110,Bonds,31185.91,3.17,2034-07-01
883,128,Fixed Deposit,70613.96,11.7,2026-08-09
884,270,Bonds,28807.38,11.33,2030-02-02
885,187,ETF,69524.29,8.12,2030-04-05
886,268,Bonds,30791.63,8.84,2029-06-02
887,119,Mutual Fund,88591.14,9.07,2028-08-03
888,282,ETF,39177.65,7.38,2026-11-27
889,230,Mutual Fund,12990.73,11.09,2026-07-14
890,298,Real Estate,77295.89,5.23,2034-02-26
891,135,Fixed Deposit,17384.27,6.82,2030-11-04
892,108,Mutual Fund,64335.06,9.49,2029-12-16
893,105,Fixed Deposit,80089.74,6.99,2030-03-17
894,214,Fixed Deposit,89686.66,7.16,2029-05-20
895,214,Real Estate,83626.14,7.91,2028-01-27
896,170,Real Estate,19171.28,11.67,2031-01-03
897,272,Real Estate,8136.47,3.11,2030-03-19
898,297,Bonds,46611.55,5.95,2032-03-06
899,176,Mutual Fund,82096.62,11.5,2035-04-30
900,281,Mutual Fund,42468.22,11.45,2027-07-31
901,230,Bonds,49250.76,5.84,2026-11-08
902,152,Mutual Fund,32348.9,7.64,2034-11-09
903,238,Real Estate,83143.47,8.81,2031-10-15
904,104,Mutual Fund,30395.81,3.16,2031-08-15
905,265,ETF,84073.26,5.27,2029-10-09
906,289,ETF,64388.57,9.91,2034-11-22
907,234,Real Estate,59446.67,7.87,2034-06-29
908,232,Mutual Fund,91605.5,6.83,2026-09-27
909,134,Real Estate,33433.94,6.08,2033-10-19
910,153,Fixed Deposit,59289.66,6.23,2031-10-25
911,106,ETF,22774.69,11.86,2035-04-14
912,183,ETF,74915.12,6.71,2033-07-11
913,104,Real Estate,63536.97,7.99,2032-08-05
914,216,ETF,3855.86,5.99,2034-12-26
915,258,Mutual Fund,24028.59,4.1,2033-02-08
916,173,Real Estate,46593.46,4.57,2027-10-22
917,115,Real Estate,73825.85,3.6,2029-04-08
918,257,Fixed Deposit,23337.33,10.33,2034-07-07
919,161,Fixed Deposit,21238.61,11.8,2029-07-21
920,241,ETF,44645.2,9.93,2033-08-08
921,176,Mutual Fund,57869.63,8.17,2034-07-01
922,209,Bonds,72573.24,6.82,2030-08-11
923,283,Bonds,57760.81,7.4,2033-10-10
924,139,Mutual Fund,15908.1,5.21,2028-07-22
925,160,ETF,9333.16,5.05,2030-08-15
926,237,Real Estate,80552.42,3.39,2032-09-04
927,215,ETF,34702.86,9.5,2034-09-07
928,174,ETF,37895.98,11.37,2032-08-03
929,116,ETF,78364.89,3.47,2032-04-05
930,153,Mutual Fund,77897.75,10.39,2035-01-18
931,201,Fixed Deposit,94102.94,7.35,2030-04-28
932,149,Mutual Fund,63553.4,8.35,2026-07-20
933,136,Real Estate,28613.92,11.11,2034-06-09
934,102,Mutual Fund,28817.29,9.64,2028-04-20
935,247,Fixed Deposit,34256.86,11.92,2034-04-20
936,205,Bonds,9754.84,7.35,2028-04-08
937,176,Mutual Fund,64590.17,5.38,2033-03-16
938,256,Real Estate,3798.27,7.72,2034-03-04
939,128,Mutual Fund,10559.09,4.27,2027-10-04
940,107,Real Estate,42152.74,3.28,2030-06-16
941,178,Mutual Fund,71075.13,8.14,2030-12-20
942,266,ETF,15322.18,9.79,2030-05-09
943,252,Bonds,69852.0,4.11,2033-08-14
944,181,Bonds,25265.6,3.77,2032-06-02
945,282,Real Estate,5853.69,11.24,2035-01-01
946,213,ETF,93306.69,7.19,2031-04-23
947,288,Bonds,35837.08,9.42,2034-07-16
948,187,Bonds,20849.38,8.27,2029-04-30
949,273,Fixed Deposit,93548.15,6.89,2034-04-28
950,129,Real Estate,59118.6,6.51,2034-12-21
951,100,ETF,31564.86,9.82,2026-10-24
952,276,Bonds,35623.36,10.32,2032-10-04
953,106,Real Estate,45584.08,8.63,2027-10-13
954,180,Mutual Fund,34222.05,7.7,2026-07-11
955,258,Real Estate,98150.46,3.81,2029-12-26
956,205,Bonds,31711.37,3.58,2028-11-28
957,295,Fixed Deposit,64794.21,7.65,2028-02-23
958,106,Mutual Fund,51297.44,4.27,2034-02-08
959,103,Mutual Fund,79460.27,5.34,2031-01-18
960,169,Mutual Fund,93182.19,5.27,2031-10-10
961,202,Fixed Deposit,37617.47,7.23,2029-07-13
962,161,Mutual Fund,5903.14,5.5,2032-12-04
963,153,Bonds,33003.93,5.17,2029-01-11
964,275,Fixed Deposit,86597.97,8.96,2031-06-03
965,121,Bonds,19982.19,5.86,2028-03-17
966,261,Bonds,32199.25,3.38,2032-05-16
967,197,Mutual Fund,61950.39,10.82,2026-07-25
968,257,Fixed Deposit,70740.47,3.36,2027-11-13
969,131,Mutual Fund,47334.92,3.42,2035-06-04
970,299,Fixed Deposit,45856.92,7.05,2032-08-11
971,279,Bonds,32623.62,9.68,2026-08-24
972,199,Bonds,51027.44,6.27,2027-07-15
973,280,Bonds,55866.65,8.44,2032-08-03
974,281,Fixed Deposit,37896.47,3.14,2033-07-31
975,298,Fixed Deposit,88622.48,4.77,2029-04-26
976,210,ETF,84116.02,10.73,2027-12-03
977,149,Mutual Fund,13385.68,5.55,2030-10-04
978,122,Mutual Fund,88585.64,3.7,2034-07-11
979,244,Mutual Fund,56272.66,11.2,2027-03-06
980,241,Mutual Fund,54335.83,6.15,2032-07-04
981,204,ETF,25431.85,4.75,2032-12-09
982,166,Bonds,51679.37,10.17,2033-02-27
983,120,Fixed Deposit,52738.11,8.26,2034-04-24
984,225,Real Estate,72086.99,8.41,2027-07-29
985,155,ETF,36292.16,10.79,2031-08-10
986,241,ETF,40710.07,9.97,2032-03-15
987,273,Bonds,23395.84,4.39,2031-12-26
988,166,Bonds,6112.03,8.27,2035-02-21
989,262,Real Estate,12124.53,7.12,2027-06-03
990,165,ETF,3835.47,10.86,2029-06-14
991,202,Fixed Deposit,21703.87,8.77,2031-08-18
992,229,Fixed Deposit,24492.15,7.49,2032-03-29
993,155,Fixed Deposit,87403.81,3.94,2032-08-19
994,225,Bonds,57985.16,3.9,2029-10-21
995,100,Real Estate,24816.64,5.12,2032-04-28
996,200,Fixed Deposit,40066.71,10.77,2027-10-19
997,114,Fixed Deposit,88104.09,5.38,2032-01-17
998,207,Fixed Deposit,20525.07,6.49,2029-10-27
999,268,Mutual Fund,42605.52,4.8,2033-06-27
1000,108,Fixed Deposit,78085.19,3.05,2030-01-14
