TransactionID,MerchantID,Amount,PaymentMethod,Date
1,182,2938.54,Bank Transfer,2024-08-18 06:48:00
2,147,2185.87,Mobile Payment,2025-03-25 16:50:54
3,100,4161.32,Bank Transfer,2025-03-31 02:51:56
4,52,4307.09,Wire Transfer,2025-06-01 12:35:18
5,160,1792.59,Debit Card,2024-07-07 01:44:24
6,186,3926.56,Credit Card,2024-10-25 01:46:30
7,51,785.87,Debit Card,2024-09-11 04:59:54
8,124,570.93,Bank Transfer,2024-11-05 19:03:36
9,178,2533.81,Mobile Payment,2025-01-21 10:25:37
10,170,3226.88,Mobile Payment,2025-02-09 00:09:35
11,116,1040.49,Wire Transfer,2024-08-23 05:41:42
12,49,2279.65,Wire Transfer,2024-09-24 16:53:15
13,75,4376.37,Bank Transfer,2024-11-24 09:46:58
14,59,804.38,Bank Transfer,2025-01-26 20:46:44
15,54,138.15,Debit Card,2025-06-13 01:21:38
16,165,4385.75,Bank Transfer,2024-10-17 00:43:18
17,10,367.48,Debit Card,2024-08-31 15:35:21
18,177,739.7,Bank Transfer,2024-12-13 19:01:55
19,69,3185.53,Wire Transfer,2025-04-17 22:33:07
20,174,494.06,Debit Card,2024-12-23 11:56:59
21,62,292.95,Bank Transfer,2025-03-13 13:00:57
22,85,3390.94,Bank Transfer,2025-03-13 21:23:21
23,15,1889.19,Credit Card,2024-07-08 05:27:39
24,155,1246.3,Debit Card,2024-10-16 15:37:51
25,87,903.25,Debit Card,2025-06-04 13:04:18
26,188,1382.49,Wire Transfer,2025-04-30 16:02:32
27,188,4471.51,Debit Card,2025-06-17 22:32:10
28,111,2768.09,Bank Transfer,2024-08-13 06:47:14
29,69,3530.53,Debit Card,2025-04-25 11:26:55
30,138,1130.15,Bank Transfer,2024-12-26 13:44:34
31,80,3710.34,Debit Card,2024-10-04 01:12:52
32,173,4687.63,Debit Card,2024-08-03 04:17:06
33,5,2559.62,Credit Card,2024-10-16 23:19:28
34,60,4980.12,Credit Card,2024-08-08 08:19:47
35,75,844.12,Wire Transfer,2025-03-28 02:50:38
36,198,3534.59,Debit Card,2025-02-04 09:41:22
37,40,690.06,Wire Transfer,2025-02-04 18:43:25
38,161,1624.4,Credit Card,2025-06-04 11:18:13
39,35,4115.09,Mobile Payment,2024-08-17 11:06:08
40,120,701.38,Wire Transfer,2024-07-18 00:51:25
41,77,2110.76,Bank Transfer,2024-12-23 04:58:09
42,129,1186.69,Mobile Payment,2024-07-04 11:37:58
43,95,2457.64,Bank Transfer,2024-11-08 02:26:15
44,6,3757.75,Bank Transfer,2024-07-07 19:15:02
45,93,768.81,Credit Card,2024-10-25 20:25:45
46,39,1514.72,Debit Card,2024-10-15 00:01:47
47,194,3121.69,Debit Card,2024-09-19 22:22:48
48,180,1101.3,Mobile Payment,2025-03-13 08:11:16
49,14,1581.59,Debit Card,2024-08-31 00:06:54
50,133,4068.52,Mobile Payment,2024-06-28 23:57:22
51,145,4015.21,Wire Transfer,2024-10-26 05:11:13
52,145,2266.83,Wire Transfer,2024-12-10 16:26:38
53,10,4569.77,Bank Transfer,2025-01-03 00:45:29
54,52,2617.87,Bank Transfer,2025-03-19 20:00:41
55,175,4378.69,Bank Transfer,2025-06-19 16:42:35
56,54,2156.23,Credit Card,2025-03-17 19:11:03
57,78,4043.63,Bank Transfer,2024-07-14 14:22:59
58,1,235.07,Credit Card,2024-11-26 17:03:09
59,39,3628.71,Bank Transfer,2025-05-08 07:20:58
60,59,1951.8,Wire Transfer,2025-01-15 08:03:38
61,112,962.46,Mobile Payment,2024-07-30 23:52:25
62,119,794.65,Debit Card,2024-07-30 15:23:40
63,41,3610.8,Credit Card,2025-05-14 14:43:58
64,88,3445.1,Bank Transfer,2025-06-22 10:59:08
65,159,2942.83,Bank Transfer,2024-09-26 03:21:22
66,68,3437.7,Mobile Payment,2025-03-08 18:40:15
67,64,3237.6,Credit Card,2025-06-13 05:45:10
68,188,481.46,Wire Transfer,2025-05-09 23:18:50
69,58,2722.84,Wire Transfer,2024-10-08 15:36:45
70,163,4122.89,Wire Transfer,2024-07-13 04:19:19
71,51,64.73,Bank Transfer,2025-02-01 14:18:29
72,86,2388.38,Wire Transfer,2025-02-24 14:26:46
73,193,586.88,Mobile Payment,2024-12-03 01:55:50
74,142,4737.19,Credit Card,2024-10-19 12:47:03
75,108,4743.1,Debit Card,2024-10-30 22:49:57
76,30,1349.52,Mobile Payment,2024-06-23 15:28:47
77,164,375.71,Debit Card,2025-06-15 07:47:55
78,62,1406.59,Wire Transfer,2024-09-15 19:51:38
79,71,142.41,Wire Transfer,2025-04-25 15:39:43
80,105,2097.0,Wire Transfer,2025-02-08 00:22:15
81,58,3301.72,Credit Card,2024-08-07 04:06:25
82,136,432.98,Bank Transfer,2025-03-01 22:21:32
83,36,3797.16,Debit Card,2024-08-24 04:41:37
84,129,4827.23,Debit Card,2024-11-10 22:42:58
85,137,2884.58,Bank Transfer,2025-02-25 03:09:56
86,197,1884.45,Mobile Payment,2024-07-28 16:32:33
87,126,1575.94,Wire Transfer,2024-11-19 15:24:02
88,122,1938.31,Credit Card,2025-01-01 18:12:26
89,179,548.0,Credit Card,2024-09-26 01:31:51
90,54,4807.85,Debit Card,2025-04-17 13:11:30
91,157,2729.46,Wire Transfer,2024-11-05 13:03:14
92,36,3170.91,Credit Card,2025-04-03 22:48:26
93,112,2632.11,Bank Transfer,2024-09-19 18:07:17
94,92,4901.58,Credit Card,2025-06-13 18:57:42
95,53,4472.95,Bank Transfer,2025-01-10 20:24:02
96,114,1648.22,Debit Card,2024-11-05 00:53:17
97,2,1791.54,Bank Transfer,2025-05-13 23:53:22
98,143,1088.47,Credit Card,2024-08-09 13:29:53
99,109,4799.48,Bank Transfer,2024-06-24 13:54:51
100,71,404.25,Credit Card,2025-01-02 15:36:08
101,102,3164.38,Debit Card,2024-11-13 11:30:04
102,33,4369.98,Bank Transfer,2025-05-30 21:02:15
103,160,40.24,Wire Transfer,2024-12-26 17:27:11
104,56,3875.82,Mobile Payment,2025-05-11 15:47:51
105,190,4632.98,Bank Transfer,2025-05-08 22:06:36
106,52,1368.84,Mobile Payment,2025-01-19 13:15:36
107,131,2303.99,Debit Card,2024-09-10 13:10:17
108,191,891.58,Wire Transfer,2025-01-31 00:56:51
109,49,3535.44,Wire Transfer,2024-10-21 03:55:41
110,142,1047.34,Debit Card,2025-02-01 12:29:13
111,101,3420.64,Wire Transfer,2025-06-13 18:17:23
112,36,3458.92,Mobile Payment,2024-10-05 14:05:29
113,107,818.75,Debit Card,2024-10-29 23:06:17
114,26,3357.82,Wire Transfer,2024-11-23 14:52:33
115,163,767.74,Bank Transfer,2025-01-21 15:43:30
116,60,3101.88,Mobile Payment,2025-05-26 11:22:33
117,75,3398.44,Debit Card,2025-06-12 19:19:05
118,120,2495.22,Debit Card,2024-08-06 06:32:05
119,155,3459.03,Wire Transfer,2025-05-30 01:03:21
120,95,2034.34,Bank Transfer,2025-06-02 18:19:29
121,149,4133.36,Mobile Payment,2025-04-21 05:15:10
122,76,2576.56,Bank Transfer,2025-05-24 03:10:27
123,115,3325.95,Debit Card,2025-02-23 09:09:37
124,181,1983.81,Debit Card,2024-10-28 23:20:25
125,8,237.15,Wire Transfer,2025-01-12 20:35:52
126,96,1067.85,Wire Transfer,2024-11-09 21:33:24
127,28,1667.78,Mobile Payment,2024-10-25 09:19:12
128,117,4479.88,Wire Transfer,2024-07-18 04:34:13
129,186,4854.55,Mobile Payment,2025-05-09 11:33:12
130,50,990.9,Bank Transfer,2025-04-09 17:03:30
131,174,2779.92,Debit Card,2024-12-24 21:02:56
132,150,142.19,Bank Transfer,2024-11-19 22:06:04
133,28,4129.85,Bank Transfer,2025-02-25 16:05:59
134,101,1348.18,Credit Card,2025-04-28 02:55:09
135,146,4936.08,Bank Transfer,2025-04-20 08:22:22
136,106,1274.64,Wire Transfer,2024-10-24 02:41:51
137,71,833.99,Debit Card,2024-08-19 05:46:43
138,84,3033.86,Debit Card,2025-05-11 11:59:59
139,195,497.05,Mobile Payment,2025-05-16 02:41:49
140,137,4853.24,Bank Transfer,2024-12-29 07:23:57
141,160,214.39,Debit Card,2024-12-12 08:10:42
142,59,864.02,Bank Transfer,2024-10-12 05:21:04
143,129,1903.7,Credit Card,2025-04-23 11:35:45
144,177,3937.22,Credit Card,2024-11-12 01:28:02
145,14,4669.74,Wire Transfer,2025-05-23 04:31:09
146,194,4542.37,Credit Card,2024-10-06 20:58:24
147,65,3539.94,Mobile Payment,2025-06-10 09:56:15
148,85,3670.79,Mobile Payment,2025-01-31 11:22:41
149,151,2871.51,Bank Transfer,2025-01-04 01:35:05
150,9,4316.32,Bank Transfer,2024-12-06 03:47:47
151,93,2038.25,Bank Transfer,2025-04-18 11:33:33
152,60,959.62,Bank Transfer,2024-11-03 01:41:43
153,10,4826.06,Mobile Payment,2024-12-13 14:07:12
154,164,2805.91,Wire Transfer,2025-05-09 00:00:06
155,24,4432.24,Debit Card,2025-01-11 21:04:45
156,43,3653.21,Wire Transfer,2024-08-24 18:57:19
157,58,2710.95,Debit Card,2025-01-20 01:55:43
158,109,4015.22,Wire Transfer,2025-03-27 16:57:22
159,94,2158.99,Bank Transfer,2025-05-02 05:23:21
160,105,4993.17,Bank Transfer,2024-07-30 14:27:53
161,40,2376.74,Debit Card,2024-09-18 01:15:52
162,27,3195.17,Debit Card,2024-07-17 17:50:39
163,42,4836.38,Bank Transfer,2024-08-02 23:48:43
164,158,200.28,Bank Transfer,2025-01-23 11:37:22
165,17,3317.52,Bank Transfer,2025-02-16 15:41:02
166,26,4663.89,Credit Card,2024-08-28 06:31:37
167,45,4392.64,Credit Card,2024-12-24 05:27:17
168,20,2806.23,Credit Card,2025-06-13 19:17:53
169,163,402.58,Wire Transfer,2025-05-24 13:50:29
170,110,608.73,Mobile Payment,2024-08-05 04:13:56
171,199,2404.34,Credit Card,2025-02-07 10:09:25
172,122,4020.52,Bank Transfer,2024-09-16 11:09:40
173,85,3181.99,Mobile Payment,2025-05-05 12:03:46
174,32,3847.78,Credit Card,2025-02-16 09:08:59
175,72,3960.87,Wire Transfer,2024-09-16 13:47:41
176,44,3428.44,Credit Card,2025-05-19 20:15:16
177,101,1273.13,Wire Transfer,2024-09-28 05:14:50
178,119,3016.31,Bank Transfer,2024-12-04 12:45:51
179,164,4816.54,Mobile Payment,2025-06-20 09:21:18
180,157,1781.3,Wire Transfer,2024-09-25 13:02:41
181,12,1275.77,Debit Card,2025-04-14 09:48:35
182,175,2428.2,Credit Card,2025-05-17 20:15:39
183,105,579.47,Bank Transfer,2025-01-03 05:35:25
184,165,1407.99,Wire Transfer,2024-08-16 08:24:56
185,142,3680.32,Bank Transfer,2025-06-17 12:43:07
186,164,4797.99,Debit Card,2024-12-06 16:21:10
187,24,1335.64,Wire Transfer,2024-10-04 13:51:48
188,166,3378.57,Mobile Payment,2024-12-22 11:36:35
189,66,462.47,Bank Transfer,2024-09-28 07:25:06
190,144,4161.44,Debit Card,2024-07-30 14:52:48
191,14,3510.52,Wire Transfer,2025-06-04 18:57:09
192,178,2619.64,Wire Transfer,2025-01-17 10:51:04
193,44,452.95,Bank Transfer,2024-12-28 18:12:12
194,16,912.85,Wire Transfer,2024-12-31 14:33:21
195,53,2828.14,Debit Card,2024-09-17 11:14:13
196,137,3699.44,Debit Card,2025-05-24 04:28:26
197,116,3790.08,Wire Transfer,2024-07-30 19:48:56
198,81,2495.93,Wire Transfer,2024-08-07 18:42:41
199,136,411.08,Debit Card,2025-05-21 16:30:39
200,169,330.39,Bank Transfer,2025-04-04 06:35:19
201,106,3509.87,Mobile Payment,2024-09-01 02:23:51
202,114,3373.18,Mobile Payment,2025-06-16 08:38:56
203,19,4133.21,Wire Transfer,2025-05-20 18:53:37
204,140,3307.02,Mobile Payment,2024-09-23 16:07:18
205,33,4672.55,Debit Card,2024-06-24 23:42:28
206,102,1494.21,Bank Transfer,2024-12-14 01:08:24
207,194,1739.74,Bank Transfer,2025-03-08 13:56:01
208,46,3382.23,Bank Transfer,2024-11-03 13:55:03
209,83,4890.44,Debit Card,2024-11-25 22:58:57
210,170,875.29,Debit Card,2024-09-20 09:29:44
211,190,1012.32,Mobile Payment,2024-12-03 07:17:37
212,158,3351.0,Wire Transfer,2024-10-18 02:46:47
213,21,67.79,Debit Card,2024-09-23 20:59:08
214,2,3041.1,Mobile Payment,2025-04-15 14:23:34
215,6,1257.74,Bank Transfer,2024-11-11 09:36:03
216,41,713.78,Wire Transfer,2024-06-23 20:55:33
217,156,4712.22,Bank Transfer,2025-02-10 09:26:59
218,117,2114.29,Debit Card,2024-12-10 00:27:36
219,95,4281.12,Mobile Payment,2025-05-25 02:08:46
220,134,4768.58,Debit Card,2025-02-28 11:16:56
221,189,3330.77,Debit Card,2025-01-01 05:55:30
222,179,3610.39,Wire Transfer,2024-08-01 06:45:37
223,24,3714.8,Credit Card,2025-03-31 20:34:34
224,73,3791.01,Bank Transfer,2024-11-17 17:18:31
225,159,4754.05,Bank Transfer,2025-03-29 01:57:32
226,113,4426.3,Wire Transfer,2024-10-31 04:43:46
227,14,2996.62,Wire Transfer,2025-04-02 15:31:59
228,81,3710.37,Mobile Payment,2025-05-04 23:14:22
229,136,1881.0,Credit Card,2024-08-15 14:40:02
230,34,4170.53,Credit Card,2025-06-10 12:29:34
231,35,540.56,Mobile Payment,2024-07-22 19:08:55
232,161,2919.82,Bank Transfer,2024-12-03 13:05:13
233,137,2378.59,Wire Transfer,2025-04-22 07:34:00
234,35,4834.29,Wire Transfer,2024-12-18 18:26:00
235,91,2921.07,Debit Card,2025-02-20 17:38:08
236,181,3001.29,Bank Transfer,2024-06-24 11:33:06
237,140,4191.14,Debit Card,2024-11-20 13:30:29
238,13,4423.89,Bank Transfer,2024-08-15 21:20:11
239,149,249.68,Wire Transfer,2025-01-10 06:23:21
240,152,4721.07,Debit Card,2024-12-12 10:04:10
241,84,4153.64,Mobile Payment,2024-07-01 02:48:03
242,66,1175.61,Credit Card,2024-07-27 12:57:40
243,146,4661.57,Bank Transfer,2025-03-23 13:24:20
244,51,1887.55,Wire Transfer,2024-12-07 14:36:52
245,164,387.88,Mobile Payment,2025-06-13 20:22:03
246,6,46.01,Mobile Payment,2025-01-11 17:49:23
247,137,4855.47,Wire Transfer,2025-06-09 02:20:36
248,182,4863.56,Mobile Payment,2024-09-11 06:01:05
249,81,2324.14,Wire Transfer,2025-02-10 12:12:18
250,113,2703.47,Mobile Payment,2024-10-05 18:32:29
251,159,81.37,Wire Transfer,2025-05-23 06:08:46
252,100,3492.55,Wire Transfer,2025-06-20 12:22:10
253,133,1467.82,Wire Transfer,2025-01-16 21:23:53
254,172,2174.2,Credit Card,2025-03-12 23:04:20
255,17,3618.11,Credit Card,2025-04-04 12:39:51
256,6,2503.26,Bank Transfer,2025-01-18 06:59:10
257,169,3149.44,Wire Transfer,2025-01-05 06:26:43
258,132,2829.7,Credit Card,2024-08-24 22:37:42
259,56,4345.26,Bank Transfer,2025-01-15 16:28:38
260,105,2076.45,Mobile Payment,2024-11-05 04:36:59
261,99,1442.72,Credit Card,2025-04-27 04:23:26
262,78,153.74,Bank Transfer,2025-05-22 21:01:15
263,146,1771.75,Bank Transfer,2024-08-04 01:28:28
264,125,4450.67,Credit Card,2025-04-24 04:52:38
265,90,4360.98,Bank Transfer,2024-12-29 02:41:45
266,138,1392.8,Wire Transfer,2024-10-15 03:04:14
267,73,566.0,Wire Transfer,2025-01-02 04:58:11
268,28,1894.36,Mobile Payment,2025-05-02 18:51:29
269,92,4059.39,Mobile Payment,2025-02-08 05:52:05
270,181,3992.85,Debit Card,2024-11-15 22:10:49
271,78,4981.47,Credit Card,2025-02-11 12:07:55
272,127,3037.51,Bank Transfer,2024-07-28 16:12:40
273,154,4268.85,Credit Card,2025-02-13 06:44:45
274,169,2554.61,Wire Transfer,2025-04-07 12:06:11
275,146,4491.11,Wire Transfer,2024-10-21 09:47:43
276,179,4178.56,Mobile Payment,2024-10-26 14:02:23
277,157,3342.74,Debit Card,2024-11-30 15:46:43
278,109,3088.21,Bank Transfer,2025-06-21 22:29:38
279,128,3155.4,Bank Transfer,2025-03-10 21:28:20
280,93,2061.02,Credit Card,2024-10-07 09:46:01
281,97,2141.84,Bank Transfer,2025-05-29 12:11:34
282,162,2921.36,Mobile Payment,2025-02-12 10:20:45
283,43,1856.01,Debit Card,2024-08-08 07:52:03
284,152,1741.65,Bank Transfer,2024-07-15 23:19:48
285,76,4103.91,Credit Card,2024-10-17 13:41:32
286,190,441.37,Mobile Payment,2025-04-11 04:03:48
287,89,1218.29,Credit Card,2025-04-19 02:40:44
288,77,1416.07,Debit Card,2024-12-16 11:17:51
289,57,2282.55,Debit Card,2025-04-01 18:34:44
290,21,3507.81,Bank Transfer,2024-12-27 04:07:43
291,130,2990.13,Wire Transfer,2024-10-15 09:06:55
292,112,3617.89,Wire Transfer,2025-04-07 03:58:07
293,136,4692.21,Credit Card,2024-08-04 04:25:00
294,144,4316.76,Credit Card,2024-09-22 16:03:20
295,68,4892.68,Debit Card,2024-09-08 07:06:05
296,197,3353.6,Mobile Payment,2024-12-26 09:37:49
297,133,2903.09,Bank Transfer,2025-06-13 09:43:08
298,165,3755.8,Debit Card,2024-09-22 18:24:05
299,174,397.79,Credit Card,2025-02-25 15:28:59
300,158,2961.31,Credit Card,2024-11-02 20:49:20
301,71,2439.38,Debit Card,2024-09-09 16:06:02
302,113,3577.38,Bank Transfer,2024-07-23 13:43:20
303,119,3940.82,Mobile Payment,2024-06-27 13:38:41
304,110,3294.4,Credit Card,2025-01-27 20:50:41
305,23,2522.89,Bank Transfer,2024-09-05 12:25:44
306,3,1423.52,Bank Transfer,2025-04-16 11:13:38
307,54,4857.11,Debit Card,2025-03-15 08:57:30
308,150,4332.78,Bank Transfer,2024-11-19 07:37:50
309,83,3051.25,Credit Card,2025-05-07 00:08:56
310,143,1748.61,Wire Transfer,2025-03-12 23:31:49
311,5,4938.54,Bank Transfer,2025-03-09 14:40:22
312,183,4663.2,Credit Card,2024-09-30 14:23:37
313,175,1904.66,Credit Card,2024-10-27 06:49:55
314,2,4294.6,Bank Transfer,2024-10-14 15:06:38
315,166,3219.96,Wire Transfer,2025-01-27 11:38:40
316,56,1963.2,Bank Transfer,2025-03-26 20:32:34
317,27,3189.77,Debit Card,2024-08-21 13:03:32
318,189,588.32,Debit Card,2024-11-17 11:59:36
319,188,1173.4,Credit Card,2024-07-30 04:29:41
320,95,1385.12,Wire Transfer,2025-01-14 22:09:50
321,28,568.22,Credit Card,2025-01-12 02:56:22
322,89,721.04,Credit Card,2025-04-04 16:24:31
323,99,4744.87,Bank Transfer,2025-06-16 22:46:01
324,183,2823.78,Wire Transfer,2024-08-20 15:44:14
325,36,2931.17,Mobile Payment,2025-05-18 00:35:05
326,176,3321.95,Debit Card,2024-08-19 14:54:50
327,132,4519.37,Bank Transfer,2024-10-05 17:16:50
328,81,4893.24,Debit Card,2024-08-20 08:32:49
329,95,1493.42,Wire Transfer,2025-04-02 09:26:39
330,149,2664.86,Wire Transfer,2025-03-10 17:55:50
331,153,2623.02,Debit Card,2025-03-22 19:42:41
332,123,2864.08,Bank Transfer,2025-01-12 09:08:14
333,141,4100.16,Bank Transfer,2025-01-01 06:59:02
334,168,2107.48,Debit Card,2024-07-20 23:26:55
335,174,3614.98,Bank Transfer,2024-12-07 22:47:15
336,19,3012.19,Wire Transfer,2025-05-19 07:14:24
337,143,4182.16,Bank Transfer,2024-10-22 00:30:17
338,2,4550.16,Bank Transfer,2025-05-17 12:16:29
339,146,3804.29,Debit Card,2025-03-02 15:41:30
340,180,4654.51,Mobile Payment,2024-11-11 08:54:57
341,87,925.41,Credit Card,2025-05-22 13:59:43
342,164,1053.07,Bank Transfer,2024-06-30 08:00:00
343,126,3832.67,Bank Transfer,2025-01-02 09:13:57
344,165,4470.52,Mobile Payment,2025-01-19 11:43:03
345,65,3735.58,Mobile Payment,2025-04-12 05:10:55
346,168,2712.42,Bank Transfer,2025-05-22 08:23:12
347,133,4469.51,Credit Card,2024-07-29 11:01:16
348,85,2946.03,Bank Transfer,2024-08-05 11:25:55
349,139,1526.18,Credit Card,2025-06-16 19:07:17
350,150,967.16,Bank Transfer,2025-03-13 02:33:55
351,122,4424.47,Credit Card,2024-10-06 07:16:56
352,79,2040.46,Wire Transfer,2024-08-28 20:39:46
353,59,3287.86,Mobile Payment,2025-04-06 21:55:22
354,92,3318.66,Bank Transfer,2025-06-19 03:46:26
355,91,2826.5,Mobile Payment,2025-02-01 23:52:06
356,129,1267.39,Credit Card,2025-01-17 23:26:11
357,122,3278.7,Credit Card,2025-03-17 03:09:35
358,74,4776.21,Mobile Payment,2025-03-30 02:13:14
359,106,1655.87,Bank Transfer,2025-05-05 03:24:36
360,54,342.32,Wire Transfer,2025-03-16 12:34:20
361,188,368.15,Wire Transfer,2025-02-23 12:28:32
362,28,3420.47,Mobile Payment,2024-10-15 02:51:08
363,63,727.27,Mobile Payment,2024-10-04 06:30:52
364,17,2895.71,Debit Card,2025-02-09 13:48:46
365,187,2066.3,Debit Card,2025-03-15 20:58:56
366,83,1406.37,Bank Transfer,2024-08-24 21:37:07
367,173,3101.99,Bank Transfer,2024-10-01 14:30:34
368,6,2031.54,Wire Transfer,2025-04-09 12:12:45
369,113,1557.08,Mobile Payment,2025-02-03 06:45:26
370,122,1891.58,Mobile Payment,2024-12-08 16:56:35
371,72,1511.04,Mobile Payment,2024-10-21 07:17:20
372,6,2467.44,Mobile Payment,2025-05-15 11:51:30
373,61,3352.23,Wire Transfer,2025-06-09 13:49:21
374,41,2635.43,Mobile Payment,2025-02-18 03:43:20
375,96,4369.08,Debit Card,2025-01-31 05:45:07
376,147,2022.91,Mobile Payment,2025-02-12 14:07:59
377,162,387.84,Bank Transfer,2024-07-26 07:47:22
378,165,3594.65,Debit Card,2025-05-03 21:59:10
379,106,1737.04,Mobile Payment,2024-08-16 23:29:37
380,71,3727.69,Wire Transfer,2024-09-16 21:28:19
381,132,4675.18,Mobile Payment,2025-04-07 21:31:11
382,168,4094.81,Credit Card,2025-01-29 18:24:58
383,160,2737.61,Mobile Payment,2024-11-04 04:43:41
384,146,3422.51,Mobile Payment,2024-07-18 23:30:17
385,183,489.14,Debit Card,2024-09-04 23:33:19
386,98,1956.71,Bank Transfer,2024-08-21 06:34:55
387,46,2452.3,Mobile Payment,2024-12-15 17:11:50
388,174,4621.73,Wire Transfer,2025-03-31 12:32:37
389,42,3858.31,Debit Card,2024-07-21 09:29:23
390,28,1724.08,Credit Card,2024-08-02 00:05:19
391,60,1025.51,Wire Transfer,2025-04-09 15:24:09
392,139,883.78,Debit Card,2025-05-21 07:47:44
393,172,248.44,Debit Card,2025-04-30 16:12:13
394,131,2484.66,Mobile Payment,2025-01-27 09:42:00
395,30,4988.88,Mobile Payment,2024-09-11 12:54:21
396,113,1878.35,Mobile Payment,2024-12-19 06:19:49
397,61,3827.41,Debit Card,2024-09-12 13:02:38
398,55,3955.02,Mobile Payment,2024-07-23 19:46:06
399,31,3763.78,Mobile Payment,2025-03-21 00:08:08
400,24,1080.02,Bank Transfer,2024-09-13 05:16:39
401,187,2900.56,Mobile Payment,2025-02-03 13:38:09
402,80,3965.6,Wire Transfer,2024-08-23 16:25:04
403,6,3039.73,Debit Card,2025-06-04 14:55:38
404,30,1141.3,Wire Transfer,2024-09-04 00:40:22
405,149,2110.44,Debit Card,2025-03-05 07:34:27
406,200,2304.21,Mobile Payment,2025-03-27 22:34:07
407,134,2686.51,Bank Transfer,2024-07-20 01:24:24
408,143,83.29,Mobile Payment,2024-12-14 22:08:57
409,105,1539.78,Credit Card,2025-03-10 04:48:23
410,120,4548.93,Mobile Payment,2024-08-11 14:38:29
411,147,2110.89,Wire Transfer,2024-10-12 09:15:39
412,143,3137.46,Bank Transfer,2025-01-26 18:08:08
413,115,2445.3,Bank Transfer,2024-12-30 13:19:34
414,22,3805.28,Debit Card,2024-08-30 23:45:00
415,22,4729.01,Credit Card,2025-04-19 00:14:09
416,84,4690.45,Mobile Payment,2025-06-07 20:38:23
417,120,3788.7,Mobile Payment,2025-01-07 16:56:52
418,177,2004.36,Debit Card,2025-04-07 19:12:44
419,58,459.64,Wire Transfer,2024-06-28 11:57:52
420,54,3050.46,Debit Card,2025-04-08 05:27:23
421,70,2618.11,Wire Transfer,2025-01-06 00:05:34
422,70,3715.66,Credit Card,2024-10-08 13:50:58
423,100,4553.8,Mobile Payment,2024-11-11 14:16:56
424,183,1440.17,Bank Transfer,2025-01-14 16:07:20
425,32,4724.85,Mobile Payment,2024-09-28 15:22:25
426,179,2505.74,Bank Transfer,2024-07-10 18:27:59
427,196,2356.96,Bank Transfer,2024-07-11 05:09:20
428,117,1069.61,Wire Transfer,2025-03-16 13:44:10
429,147,4528.72,Credit Card,2025-03-29 19:22:50
430,31,4680.68,Bank Transfer,2025-03-28 12:41:43
431,94,554.13,Debit Card,2024-11-03 17:00:46
432,157,1565.99,Bank Transfer,2024-09-29 05:20:08
433,15,685.76,Bank Transfer,2024-07-14 16:12:12
434,126,1118.42,Credit Card,2025-03-26 18:00:13
435,24,884.99,Mobile Payment,2024-09-26 07:16:10
436,57,1452.59,Debit Card,2025-05-04 12:12:32
437,76,931.39,Wire Transfer,2025-02-14 10:07:19
438,95,4469.44,Bank Transfer,2024-10-14 10:43:14
439,146,3131.04,Wire Transfer,2024-08-23 14:02:27
440,2,2038.32,Credit Card,2024-07-21 03:13:31
441,10,2493.01,Debit Card,2024-10-26 18:04:24
442,121,1983.77,Mobile Payment,2024-07-24 05:42:06
443,56,4643.94,Credit Card,2024-12-25 17:51:02
444,3,4893.19,Debit Card,2025-02-04 16:29:14
445,29,307.47,Wire Transfer,2025-01-17 09:15:40
446,43,3897.65,Wire Transfer,2025-02-01 01:19:35
447,10,3733.85,Wire Transfer,2025-01-22 13:14:39
448,183,243.81,Credit Card,2024-09-21 07:58:35
449,111,1980.03,Mobile Payment,2025-04-27 05:34:27
450,4,3001.36,Mobile Payment,2024-08-13 03:50:40
451,151,1077.46,Wire Transfer,2025-02-01 14:30:56
452,175,2933.11,Mobile Payment,2024-11-02 05:44:07
453,143,2297.2,Wire Transfer,2025-02-11 16:17:22
454,109,2323.98,Wire Transfer,2024-11-08 15:35:57
455,66,3946.97,Wire Transfer,2025-02-24 02:59:59
456,114,3647.77,Wire Transfer,2025-03-16 00:03:50
457,56,3845.7,Bank Transfer,2024-09-12 22:56:00
458,168,2622.95,Credit Card,2025-01-26 13:42:42
459,156,2923.76,Credit Card,2024-09-08 01:09:29
460,169,222.32,Credit Card,2024-08-13 13:39:55
461,84,681.62,Wire Transfer,2025-05-07 15:55:12
462,198,2598.36,Bank Transfer,2024-08-15 19:07:25
463,180,1557.96,Debit Card,2024-07-31 16:01:35
464,22,3979.66,Bank Transfer,2025-03-14 13:44:53
465,32,2017.93,Mobile Payment,2024-08-01 17:41:53
466,10,4448.42,Debit Card,2025-03-02 09:17:25
467,14,3835.22,Credit Card,2024-09-16 03:36:39
468,85,711.36,Wire Transfer,2024-10-13 08:19:21
469,121,2134.25,Credit Card,2025-03-15 07:46:53
470,166,839.9,Bank Transfer,2024-07-01 02:03:53
471,107,3721.79,Credit Card,2025-02-08 20:21:31
472,63,176.56,Mobile Payment,2024-08-05 17:06:34
473,60,2814.57,Bank Transfer,2025-03-30 06:37:21
474,184,2128.83,Credit Card,2025-04-12 14:48:18
475,137,3187.32,Bank Transfer,2025-03-12 08:36:50
476,194,4861.19,Mobile Payment,2024-10-27 11:42:41
477,178,1606.63,Mobile Payment,2024-08-29 10:29:04
478,102,1899.26,Bank Transfer,2025-04-04 14:28:42
479,197,1755.02,Debit Card,2024-12-07 08:57:45
480,115,1534.78,Wire Transfer,2025-05-19 08:33:30
481,158,3691.49,Debit Card,2024-07-13 19:13:50
482,165,1816.1,Credit Card,2025-04-26 10:07:49
483,137,4892.77,Mobile Payment,2025-02-06 16:35:55
484,93,943.57,Debit Card,2025-03-15 10:47:59
485,58,3082.13,Credit Card,2024-07-16 06:23:45
486,42,4849.99,Credit Card,2025-04-04 23:01:24
487,131,493.66,Debit Card,2025-02-01 07:27:00
488,139,2517.87,Wire Transfer,2025-03-17 11:09:40
489,29,2211.46,Credit Card,2025-01-05 05:10:01
490,136,2194.88,Debit Card,2025-02-03 09:20:09
491,191,2260.53,Credit Card,2025-05-09 00:34:30
492,126,1094.04,Wire Transfer,2024-12-10 14:59:32
493,132,2957.5,Credit Card,2025-01-23 06:55:36
494,79,3425.14,Mobile Payment,2024-11-13 07:19:40
495,179,430.54,Credit Card,2025-05-14 17:42:09
496,88,226.27,Bank Transfer,2025-04-14 09:28:25
497,108,1615.83,Debit Card,2024-08-25 02:30:26
498,133,4665.66,Credit Card,2025-02-08 01:02:25
499,67,3768.82,Bank Transfer,2025-05-30 17:03:55
500,81,4199.9,Credit Card,2024-06-28 02:11:09
501,25,494.0,Mobile Payment,2024-10-06 12:37:28
502,19,3807.98,Wire Transfer,2025-04-05 20:24:39
503,64,4383.24,Debit Card,2025-05-02 07:46:04
504,163,936.73,Credit Card,2024-08-08 12:42:11
505,121,3133.07,Mobile Payment,2025-03-14 00:03:44
506,53,4122.15,Wire Transfer,2024-08-27 23:53:00
507,56,1298.69,Wire Transfer,2024-09-19 05:41:43
508,73,4303.61,Bank Transfer,2025-05-27 00:29:40
509,133,1088.69,Bank Transfer,2024-10-23 15:24:54
510,58,4946.07,Wire Transfer,2024-11-15 07:17:48
511,132,4005.56,Wire Transfer,2024-08-27 14:31:27
512,36,3551.32,Debit Card,2025-03-07 20:52:53
513,189,1938.73,Bank Transfer,2024-12-12 17:43:11
514,106,869.6,Mobile Payment,2025-04-18 06:41:50
515,52,1299.82,Mobile Payment,2024-10-23 00:37:29
516,17,3728.08,Credit Card,2024-11-14 19:42:52
517,6,4430.93,Mobile Payment,2025-06-06 10:04:51
518,151,2924.98,Mobile Payment,2025-02-28 03:44:35
519,196,3180.39,Debit Card,2024-09-10 11:43:39
520,58,2834.54,Credit Card,2024-12-08 11:18:57
521,138,3802.25,Wire Transfer,2024-12-08 15:08:03
522,93,3388.56,Credit Card,2024-08-23 19:49:46
523,27,4764.88,Credit Card,2024-12-21 20:06:02
524,95,4623.02,Wire Transfer,2024-09-14 17:11:22
525,56,1120.43,Wire Transfer,2024-06-29 18:28:53
526,105,2945.9,Bank Transfer,2024-10-07 09:10:13
527,143,994.95,Mobile Payment,2025-01-14 16:16:34
528,176,4590.73,Bank Transfer,2025-02-16 19:09:10
529,176,1437.89,Debit Card,2024-07-27 18:10:01
530,132,3960.09,Wire Transfer,2024-12-19 20:58:31
531,110,1754.68,Debit Card,2024-07-29 23:30:04
532,36,206.43,Debit Card,2024-08-19 11:53:41
533,13,2381.24,Debit Card,2025-04-18 14:00:44
534,27,4543.89,Credit Card,2025-01-07 09:58:03
535,34,4737.66,Debit Card,2024-07-15 08:22:47
536,76,4037.39,Bank Transfer,2025-03-18 05:55:47
537,6,2432.22,Wire Transfer,2024-09-04 17:09:39
538,29,3299.63,Debit Card,2024-09-29 01:38:07
539,158,4208.08,Credit Card,2024-08-29 01:08:12
540,93,843.33,Wire Transfer,2024-07-14 06:21:47
541,181,923.17,Mobile Payment,2024-08-08 02:01:42
542,35,4607.81,Bank Transfer,2024-09-12 04:15:49
543,119,1757.9,Credit Card,2024-07-31 10:59:42
544,142,667.63,Credit Card,2024-12-18 00:31:07
545,168,1215.49,Mobile Payment,2024-08-24 08:16:16
546,68,1001.73,Mobile Payment,2025-05-09 23:42:44
547,97,2156.35,Debit Card,2024-06-23 07:57:06
548,111,2658.62,Bank Transfer,2024-12-09 16:02:50
549,34,1686.13,Credit Card,2024-09-30 13:29:32
550,5,3473.07,Credit Card,2025-05-08 20:31:19
551,130,4768.2,Credit Card,2025-01-22 07:26:26
552,100,1474.58,Bank Transfer,2024-09-03 23:54:00
553,25,4360.12,Credit Card,2024-07-03 01:25:20
554,128,3551.4,Debit Card,2024-09-17 09:35:39
555,181,1550.34,Bank Transfer,2025-01-05 20:43:01
556,123,1805.5,Credit Card,2025-01-03 07:21:26
557,58,258.22,Wire Transfer,2024-06-29 16:50:10
558,169,992.28,Wire Transfer,2025-01-06 09:12:13
559,38,4684.63,Debit Card,2024-09-08 06:22:38
560,49,707.97,Wire Transfer,2025-01-29 19:48:27
561,48,1018.81,Wire Transfer,2024-10-19 07:18:15
562,74,4354.88,Credit Card,2024-11-13 10:14:16
563,125,1362.16,Wire Transfer,2025-05-11 03:34:51
564,124,3362.32,Mobile Payment,2025-04-10 01:55:25
565,179,4741.86,Mobile Payment,2024-06-23 13:24:15
566,184,3534.58,Bank Transfer,2024-07-26 07:13:46
567,72,1479.14,Credit Card,2025-05-24 05:49:55
568,195,2193.39,Bank Transfer,2024-08-19 14:57:50
569,1,4524.47,Mobile Payment,2025-03-31 20:28:04
570,101,2203.63,Wire Transfer,2024-07-06 10:06:57
571,67,3359.34,Mobile Payment,2024-07-27 21:32:56
572,50,1831.19,Credit Card,2025-06-01 02:01:21
573,181,3429.31,Mobile Payment,2025-05-04 01:22:08
574,40,4558.54,Debit Card,2025-03-21 04:24:23
575,166,1374.09,Bank Transfer,2025-03-31 11:46:53
576,106,598.98,Credit Card,2025-01-28 14:41:21
577,85,4117.53,Bank Transfer,2025-04-11 05:47:52
578,148,3236.94,Credit Card,2024-07-26 04:15:00
579,104,502.37,Debit Card,2025-06-06 22:06:53
580,174,4778.66,Debit Card,2025-05-11 08:14:11
581,184,316.71,Wire Transfer,2024-12-23 05:55:34
582,146,4908.13,Debit Card,2024-09-27 01:59:24
583,93,3701.84,Mobile Payment,2025-06-16 22:10:45
584,160,3958.5,Bank Transfer,2024-10-23 18:06:41
585,27,777.28,Debit Card,2025-06-07 17:51:37
586,130,4225.91,Wire Transfer,2025-02-28 12:42:21
587,115,2293.11,Mobile Payment,2024-07-20 04:59:26
588,111,4351.92,Credit Card,2025-04-17 04:06:09
589,110,4306.02,Debit Card,2024-10-16 08:17:25
590,190,3745.12,Mobile Payment,2024-11-26 21:34:56
591,148,3846.08,Wire Transfer,2024-12-21 22:46:33
592,184,3726.09,Bank Transfer,2025-02-22 12:32:31
593,49,1096.26,Credit Card,2024-10-09 16:42:32
594,158,2752.18,Mobile Payment,2025-04-01 18:57:10
595,109,805.42,Credit Card,2025-06-22 12:26:18
596,130,4539.05,Debit Card,2025-05-24 10:59:48
597,138,1239.2,Credit Card,2024-10-20 01:26:58
598,43,2702.37,Credit Card,2025-05-21 06:56:58
599,100,3474.01,Credit Card,2025-04-13 13:33:16
600,11,1403.74,Debit Card,2024-12-03 03:35:39
601,173,983.02,Debit Card,2025-01-22 20:55:13
602,90,3025.81,Wire Transfer,2024-06-30 09:24:02
603,22,3047.04,Bank Transfer,2025-05-09 10:04:29
604,169,1607.27,Mobile Payment,2024-12-27 03:32:03
605,125,4682.64,Credit Card,2024-12-08 04:54:34
606,34,2178.4,Credit Card,2024-11-12 07:23:37
607,168,987.36,Wire Transfer,2024-11-16 13:32:10
608,88,2539.78,Wire Transfer,2025-06-17 11:17:34
609,196,456.08,Debit Card,2025-01-28 04:23:39
610,139,1708.93,Wire Transfer,2025-01-21 18:11:31
611,75,1766.76,Mobile Payment,2024-12-13 00:57:04
612,6,3911.1,Mobile Payment,2024-08-22 11:37:01
613,130,2450.81,Credit Card,2024-08-23 18:45:44
614,20,4303.99,Debit Card,2025-01-02 22:41:02
615,102,2910.05,Wire Transfer,2025-02-14 11:32:02
616,82,3143.77,Mobile Payment,2024-09-01 20:40:15
617,183,3673.03,Credit Card,2024-10-04 09:22:49
618,106,386.38,Mobile Payment,2024-09-03 08:02:40
619,179,381.0,Credit Card,2024-07-18 18:19:23
620,37,1716.84,Bank Transfer,2024-07-17 07:48:56
621,78,622.46,Debit Card,2024-08-05 19:46:38
622,24,3479.77,Debit Card,2025-03-29 06:43:32
623,191,4246.92,Debit Card,2024-07-31 23:37:44
624,93,2550.71,Wire Transfer,2024-10-13 11:09:43
625,57,3629.53,Debit Card,2024-11-21 08:34:57
626,77,1733.79,Mobile Payment,2025-04-14 03:49:41
627,16,1027.03,Credit Card,2024-10-07 04:50:43
628,134,253.32,Debit Card,2025-03-05 04:55:55
629,64,621.65,Wire Transfer,2024-08-15 08:53:17
630,56,4622.07,Bank Transfer,2024-06-25 06:31:42
631,76,1815.92,Bank Transfer,2024-08-21 12:55:03
632,140,1764.64,Debit Card,2025-04-21 02:01:07
633,185,1080.09,Credit Card,2024-11-30 15:01:05
634,184,917.79,Wire Transfer,2024-09-01 15:48:25
635,68,4041.04,Wire Transfer,2025-06-20 12:18:24
636,102,1546.02,Debit Card,2024-12-03 19:40:22
637,68,805.39,Wire Transfer,2025-03-22 12:38:07
638,170,2331.24,Credit Card,2025-04-11 22:19:08
639,172,1556.08,Bank Transfer,2024-10-19 15:43:52
640,135,3135.79,Bank Transfer,2025-04-10 22:12:34
641,132,2765.46,Credit Card,2025-05-28 11:42:08
642,98,1812.09,Debit Card,2025-04-26 05:44:01
643,164,2940.39,Debit Card,2025-06-04 11:13:42
644,154,1647.06,Credit Card,2024-11-26 05:35:06
645,180,3944.51,Debit Card,2024-09-05 14:02:24
646,16,4068.03,Mobile Payment,2025-02-08 04:31:05
647,84,1121.65,Credit Card,2025-01-08 13:19:10
648,193,1479.38,Credit Card,2025-03-01 14:55:49
649,172,4104.2,Credit Card,2024-08-07 18:09:07
650,37,3834.26,Mobile Payment,2025-03-31 01:38:54
651,85,2921.87,Mobile Payment,2024-11-09 15:38:15
652,194,762.11,Bank Transfer,2025-05-25 20:46:18
653,179,3697.39,Wire Transfer,2025-03-29 00:23:02
654,132,638.95,Bank Transfer,2024-09-26 01:09:32
655,74,3226.9,Debit Card,2025-06-04 09:37:17
656,190,2212.45,Mobile Payment,2024-12-14 06:22:06
657,181,4083.03,Wire Transfer,2025-04-22 13:00:39
658,51,4042.43,Debit Card,2024-07-25 00:38:04
659,76,4303.21,Wire Transfer,2024-07-31 04:21:17
660,95,4876.24,Bank Transfer,2025-06-07 21:42:30
661,120,780.32,Credit Card,2025-05-09 21:54:13
662,59,2638.07,Wire Transfer,2024-11-30 18:27:40
663,135,4969.97,Wire Transfer,2025-02-08 14:43:40
664,22,81.33,Mobile Payment,2025-04-27 03:00:19
665,123,354.87,Wire Transfer,2024-10-05 00:19:15
666,130,2462.74,Wire Transfer,2025-04-09 21:36:21
667,39,1139.14,Credit Card,2024-06-30 10:12:49
668,50,1904.24,Credit Card,2025-05-04 02:02:35
669,88,761.49,Mobile Payment,2024-07-08 03:51:55
670,105,3377.02,Mobile Payment,2025-02-10 18:57:14
671,112,768.51,Mobile Payment,2024-08-02 04:46:36
672,39,1560.56,Credit Card,2025-02-06 08:24:48
673,198,2143.04,Wire Transfer,2024-11-11 09:22:47
674,71,3824.5,Mobile Payment,2024-07-10 17:43:37
675,70,1629.3,Credit Card,2025-05-06 02:51:53
676,162,4138.64,Credit Card,2024-12-27 19:44:05
677,22,801.0,Mobile Payment,2024-10-01 20:37:32
678,10,526.7,Bank Transfer,2024-12-24 23:56:59
679,39,1556.14,Wire Transfer,2025-02-24 02:06:02
680,101,2393.98,Wire Transfer,2024-08-11 09:41:22
681,186,3368.26,Bank Transfer,2024-09-09 20:45:16
682,142,4799.87,Debit Card,2025-03-19 12:05:59
683,2,3865.72,Wire Transfer,2024-08-31 00:53:51
684,147,4252.44,Wire Transfer,2025-06-01 07:06:34
685,160,3314.92,Wire Transfer,2024-07-26 12:08:41
686,147,4941.5,Mobile Payment,2024-07-14 02:51:18
687,32,2401.7,Debit Card,2024-09-09 18:53:10
688,181,1494.56,Mobile Payment,2025-05-03 02:44:33
689,35,4310.85,Debit Card,2024-07-02 05:36:05
690,148,2568.37,Wire Transfer,2025-05-13 02:18:23
691,171,2501.12,Bank Transfer,2024-08-15 07:07:20
692,175,806.01,Wire Transfer,2025-04-14 00:37:24
693,62,3304.91,Credit Card,2025-04-24 23:43:41
694,57,4540.01,Debit Card,2025-04-21 11:44:53
695,117,3661.18,Wire Transfer,2025-05-01 22:34:56
696,7,4495.72,Bank Transfer,2024-09-10 22:54:33
697,17,3711.49,Mobile Payment,2024-10-30 04:14:12
698,169,1130.72,Bank Transfer,2025-02-23 19:11:30
699,1,3900.81,Debit Card,2025-06-14 19:38:52
700,54,4973.6,Mobile Payment,2024-11-18 17:13:05
701,142,3824.14,Credit Card,2024-07-15 20:04:47
702,15,3296.63,Debit Card,2024-08-18 21:29:30
703,160,4996.84,Wire Transfer,2024-08-10 01:12:49
704,35,2002.86,Wire Transfer,2025-04-29 04:16:36
705,108,1582.64,Debit Card,2024-07-06 09:42:49
706,181,3367.74,Credit Card,2024-09-23 02:38:30
707,40,1441.0,Mobile Payment,2025-05-05 00:14:32
708,3,3408.5,Debit Card,2025-02-05 21:50:40
709,142,2996.76,Debit Card,2025-04-22 09:41:07
710,1,2843.9,Bank Transfer,2025-03-15 18:52:10
711,94,3467.71,Debit Card,2025-06-09 00:38:48
712,152,3027.96,Credit Card,2025-06-09 06:49:30
713,15,628.4,Mobile Payment,2025-05-17 17:04:46
714,197,4929.14,Wire Transfer,2024-08-26 14:45:13
715,157,497.38,Bank Transfer,2025-06-10 09:45:51
716,14,3810.4,Bank Transfer,2025-03-30 22:56:49
717,157,1846.42,Bank Transfer,2024-08-29 23:04:53
718,117,3804.82,Bank Transfer,2024-08-02 13:09:56
719,190,2508.78,Debit Card,2024-12-15 21:21:41
720,26,2717.08,Mobile Payment,2024-07-21 01:52:13
721,86,3863.38,Credit Card,2024-07-03 12:45:56
722,105,3625.19,Debit Card,2025-05-17 19:28:21
723,170,2974.36,Credit Card,2024-09-16 04:14:44
724,93,4262.84,Bank Transfer,2025-05-29 16:14:48
725,118,2080.68,Wire Transfer,2025-02-28 01:43:31
726,62,2555.55,Wire Transfer,2024-11-28 21:11:17
727,177,1697.75,Bank Transfer,2025-03-28 23:36:01
728,78,1430.78,Credit Card,2024-10-16 01:40:17
729,44,338.04,Bank Transfer,2025-03-04 19:19:19
730,200,1947.83,Debit Card,2024-08-30 06:32:10
731,200,2080.34,Debit Card,2025-06-22 06:45:15
732,134,1756.92,Bank Transfer,2025-05-03 18:49:45
733,116,1509.83,Debit Card,2024-12-14 16:29:44
734,184,922.89,Mobile Payment,2025-01-06 11:27:22
735,59,2492.47,Credit Card,2024-11-09 19:24:57
736,156,3917.25,Wire Transfer,2025-04-26 14:26:30
737,172,4150.9,Wire Transfer,2025-05-14 11:56:41
738,31,4148.91,Bank Transfer,2025-05-15 19:27:48
739,176,3882.64,Credit Card,2024-09-16 21:05:35
740,178,4940.68,Mobile Payment,2024-12-23 03:09:47
741,90,1777.48,Credit Card,2024-11-10 03:01:19
742,113,3583.89,Credit Card,2024-09-05 11:38:32
743,134,21.56,Credit Card,2024-12-08 01:57:51
744,109,1295.13,Debit Card,2024-10-24 06:59:32
745,14,618.42,Bank Transfer,2024-11-20 06:29:28
746,90,2498.84,Credit Card,2025-02-08 07:35:40
747,126,4493.2,Wire Transfer,2024-08-11 04:51:06
748,70,1289.84,Bank Transfer,2025-05-17 00:55:34
749,189,160.38,Credit Card,2025-01-05 15:01:06
750,104,460.64,Debit Card,2024-09-08 16:36:38
751,111,4391.12,Bank Transfer,2025-03-11 14:23:27
752,52,1060.03,Mobile Payment,2025-03-31 20:26:21
753,182,410.49,Mobile Payment,2025-06-23 04:48:20
754,107,1716.46,Bank Transfer,2024-09-17 23:18:08
755,97,1717.31,Wire Transfer,2025-03-04 03:14:55
756,1,1207.05,Wire Transfer,2025-01-14 02:36:58
757,27,2869.36,Wire Transfer,2025-04-22 01:01:46
758,175,1831.76,Credit Card,2025-05-03 22:28:52
759,54,2608.31,Wire Transfer,2024-08-17 20:56:06
760,110,1415.28,Mobile Payment,2025-02-01 09:24:12
761,56,598.91,Credit Card,2025-04-15 00:16:48
762,41,1773.84,Debit Card,2024-09-22 22:13:40
763,57,2306.7,Credit Card,2024-11-06 06:21:33
764,195,1787.25,Credit Card,2024-12-22 12:12:37
765,52,4106.09,Credit Card,2024-09-11 22:19:50
766,157,3440.99,Wire Transfer,2024-10-28 15:36:11
767,63,2565.9,Mobile Payment,2025-01-17 17:20:36
768,22,3417.19,Credit Card,2024-10-24 18:09:45
769,67,2395.33,Bank Transfer,2025-05-18 02:59:24
770,102,3043.26,Credit Card,2025-02-28 15:51:47
771,97,4368.88,Bank Transfer,2025-01-25 17:47:31
772,108,3429.88,Wire Transfer,2025-04-15 21:18:39
773,90,4634.31,Wire Transfer,2024-10-12 08:41:08
774,172,3196.06,Mobile Payment,2024-06-30 07:07:39
775,186,4637.41,Debit Card,2024-09-19 16:33:23
776,148,4808.14,Wire Transfer,2024-08-05 06:11:49
777,126,3109.0,Wire Transfer,2025-03-16 05:23:08
778,4,4740.26,Debit Card,2025-06-03 02:33:00
779,53,1846.2,Credit Card,2024-06-23 10:23:36
780,98,4344.64,Wire Transfer,2024-10-17 16:37:17
781,153,4192.2,Mobile Payment,2025-05-14 07:22:46
782,92,2162.9,Credit Card,2024-11-02 07:10:37
783,102,3259.17,Debit Card,2024-09-09 08:09:55
784,190,4355.17,Credit Card,2024-10-20 12:31:24
785,86,2191.86,Bank Transfer,2025-02-06 22:31:10
786,192,1234.31,Credit Card,2025-01-07 06:14:39
787,96,289.96,Debit Card,2024-07-11 11:51:05
788,113,1049.23,Wire Transfer,2024-11-19 23:18:22
789,194,2462.69,Debit Card,2025-06-11 13:42:05
790,149,449.19,Bank Transfer,2024-09-19 01:45:30
791,70,4401.5,Bank Transfer,2024-09-06 20:32:23
792,3,3739.21,Debit Card,2025-06-03 10:54:55
793,171,4126.79,Credit Card,2024-08-06 16:05:49
794,196,3997.36,Debit Card,2024-08-22 12:25:15
795,142,4510.77,Debit Card,2025-02-24 00:18:51
796,77,4580.21,Wire Transfer,2024-08-05 15:13:38
797,28,1245.29,Bank Transfer,2024-09-26 22:08:08
798,46,3808.57,Debit Card,2024-11-26 08:05:54
799,55,52.5,Debit Card,2025-06-03 12:42:59
800,121,200.32,Bank Transfer,2024-07-03 05:01:33
801,4,618.6,Bank Transfer,2025-03-28 11:45:36
802,24,2890.29,Wire Transfer,2024-09-06 02:02:44
803,19,4725.83,Debit Card,2024-12-21 17:40:26
804,64,1172.91,Bank Transfer,2024-12-31 03:14:20
805,147,3097.62,Credit Card,2024-07-22 05:22:25
806,50,3329.45,Mobile Payment,2024-11-18 16:47:13
807,19,2200.82,Debit Card,2024-07-21 15:08:43
808,195,2106.45,Credit Card,2025-05-08 16:17:34
809,102,4974.8,Wire Transfer,2024-07-31 14:30:41
810,66,2489.13,Debit Card,2025-05-26 11:38:48
811,74,111.26,Wire Transfer,2024-12-26 04:59:52
812,180,3213.55,Credit Card,2025-04-27 06:54:27
813,43,602.98,Mobile Payment,2024-12-02 16:49:08
814,81,2611.05,Bank Transfer,2025-04-19 22:53:10
815,120,68.1,Mobile Payment,2024-08-29 18:49:31
816,151,672.59,Mobile Payment,2024-11-08 04:06:13
817,156,4031.23,Credit Card,2025-01-20 04:53:32
818,117,3117.82,Mobile Payment,2024-08-25 06:57:09
819,142,1251.75,Credit Card,2025-02-20 02:23:21
820,17,2453.9,Wire Transfer,2024-10-28 14:02:05
821,160,672.88,Mobile Payment,2024-07-08 10:27:55
822,12,4595.68,Bank Transfer,2024-10-02 21:53:03
823,62,209.28,Bank Transfer,2024-07-24 10:46:38
824,147,1351.04,Wire Transfer,2024-11-16 15:14:53
825,14,4677.86,Debit Card,2024-12-25 10:59:53
826,95,1555.24,Debit Card,2025-02-13 17:27:20
827,123,148.17,Debit Card,2024-08-16 09:21:26
828,23,4347.53,Wire Transfer,2024-11-23 04:48:40
829,180,4140.98,Wire Transfer,2024-08-10 04:05:11
830,63,3532.13,Credit Card,2025-05-28 17:39:57
831,80,2758.08,Credit Card,2024-07-01 20:21:08
832,34,759.37,Wire Transfer,2024-09-07 12:38:34
833,10,3268.86,Mobile Payment,2025-01-25 18:44:08
834,176,244.93,Bank Transfer,2024-11-21 10:37:00
835,138,2645.38,Wire Transfer,2024-10-21 07:20:48
836,173,3757.66,Wire Transfer,2024-07-21 01:21:21
837,59,1923.5,Credit Card,2025-01-06 16:29:50
838,134,802.22,Mobile Payment,2024-07-17 09:01:36
839,127,835.09,Mobile Payment,2025-03-17 20:42:54
840,111,1752.86,Mobile Payment,2024-07-24 14:35:47
841,147,346.81,Mobile Payment,2025-01-22 07:23:14
842,200,1122.42,Bank Transfer,2025-02-02 04:56:09
843,86,4929.83,Bank Transfer,2024-12-27 13:05:52
844,185,2676.9,Mobile Payment,2025-01-29 03:44:56
845,18,4618.0,Bank Transfer,2025-01-20 09:23:29
846,101,3227.65,Mobile Payment,2024-09-24 21:49:38
847,42,2079.41,Debit Card,2024-11-20 11:43:32
848,157,2738.32,Bank Transfer,2025-03-20 06:43:15
849,15,2720.38,Wire Transfer,2024-12-06 18:24:29
850,97,3286.67,Mobile Payment,2024-08-02 21:18:08
851,79,442.27,Credit Card,2024-11-21 11:17:08
852,130,1242.78,Debit Card,2025-03-07 23:05:53
853,187,2952.69,Credit Card,2024-11-01 23:13:04
854,86,1839.69,Bank Transfer,2024-12-17 09:33:53
855,193,3393.79,Wire Transfer,2025-05-02 10:58:04
856,55,830.93,Wire Transfer,2024-12-28 06:56:15
857,164,2381.23,Credit Card,2025-04-13 13:45:32
858,48,2940.67,Debit Card,2024-11-27 22:45:01
859,98,848.8,Mobile Payment,2024-10-10 22:23:57
860,47,3732.02,Mobile Payment,2025-01-31 18:29:32
861,40,1020.65,Mobile Payment,2024-11-29 02:17:59
862,185,1011.25,Credit Card,2024-09-04 03:37:23
863,58,4690.87,Debit Card,2025-02-10 19:38:35
864,182,3176.89,Debit Card,2025-06-06 10:12:58
865,30,2696.94,Credit Card,2025-01-06 00:07:33
866,52,2260.58,Wire Transfer,2025-03-04 12:30:18
867,53,4070.46,Bank Transfer,2025-04-26 10:00:30
868,33,3094.57,Bank Transfer,2025-01-02 23:23:06
869,116,2989.4,Bank Transfer,2024-06-30 00:05:33
870,144,185.42,Mobile Payment,2025-04-26 13:07:13
871,156,2472.89,Bank Transfer,2024-10-06 16:51:47
872,105,3065.58,Bank Transfer,2025-06-04 13:45:47
873,126,519.05,Debit Card,2024-06-26 10:58:45
874,133,2724.4,Debit Card,2024-09-10 03:08:31
875,100,2612.46,Wire Transfer,2025-06-03 07:00:59
876,131,4389.22,Credit Card,2025-06-07 04:10:47
877,171,4317.56,Wire Transfer,2024-11-01 04:03:06
878,194,440.99,Mobile Payment,2024-10-09 00:52:25
879,141,2397.66,Mobile Payment,2025-05-04 01:02:40
880,161,463.78,Mobile Payment,2025-06-01 12:02:57
881,50,1743.83,Bank Transfer,2024-08-11 16:45:50
882,28,124.95,Debit Card,2024-09-06 00:03:28
883,133,395.12,Wire Transfer,2024-10-16 14:27:25
884,172,1726.5,Wire Transfer,2024-10-03 14:43:22
885,30,3190.67,Debit Card,2025-06-03 01:13:18
886,127,4233.31,Debit Card,2024-10-31 19:33:44
887,93,533.37,Debit Card,2025-04-08 18:41:54
888,154,509.39,Bank Transfer,2024-08-13 15:34:18
889,54,4335.41,Credit Card,2025-05-12 08:32:49
890,18,3667.04,Credit Card,2024-11-27 16:42:13
891,140,3121.8,Mobile Payment,2024-12-23 02:57:46
892,138,4743.77,Mobile Payment,2024-07-20 22:53:18
893,193,4685.66,Debit Card,2024-08-06 09:24:31
894,177,1352.53,Wire Transfer,2024-11-09 05:59:46
895,68,4206.26,Debit Card,2025-02-08 23:20:00
896,46,1947.37,Credit Card,2025-03-13 12:40:44
897,84,4037.06,Mobile Payment,2024-07-02 11:13:57
898,33,4509.42,Credit Card,2025-01-15 09:54:28
899,96,217.45,Mobile Payment,2025-05-22 17:56:13
900,193,3383.96,Credit Card,2024-11-07 01:20:36
901,108,1266.93,Credit Card,2024-10-08 04:26:19
902,132,3855.03,Debit Card,2024-12-05 15:14:39
903,183,4857.05,Wire Transfer,2025-02-19 10:38:46
904,142,4838.63,Credit Card,2024-11-06 12:09:51
905,45,4544.97,Wire Transfer,2025-02-28 16:20:25
906,24,2395.07,Mobile Payment,2024-07-04 02:39:08
907,171,4939.18,Bank Transfer,2025-05-31 02:04:47
908,126,3684.76,Bank Transfer,2024-09-25 16:01:51
909,10,4083.42,Mobile Payment,2024-08-07 02:03:30
910,62,2140.51,Mobile Payment,2025-02-18 04:38:19
911,181,2016.51,Mobile Payment,2024-12-28 09:19:24
912,176,19.8,Mobile Payment,2024-12-22 15:54:32
913,45,1883.31,Credit Card,2024-10-01 10:32:59
914,196,2452.82,Wire Transfer,2024-07-11 22:02:52
915,40,3303.29,Debit Card,2025-02-03 21:37:30
916,54,1286.89,Debit Card,2025-04-28 07:45:56
917,134,22.87,Debit Card,2025-02-21 06:22:57
918,178,2450.21,Bank Transfer,2025-06-23 06:01:30
919,26,4180.87,Mobile Payment,2024-11-13 03:58:40
920,118,4102.55,Debit Card,2025-03-28 03:56:15
921,196,548.76,Mobile Payment,2025-04-19 09:04:40
922,32,2288.27,Debit Card,2024-08-26 06:31:22
923,86,1146.74,Credit Card,2025-05-16 07:02:43
924,193,4863.09,Credit Card,2025-01-22 09:00:30
925,67,3140.67,Credit Card,2025-03-06 20:00:45
926,147,2638.25,Debit Card,2025-01-23 23:15:21
927,52,2791.86,Mobile Payment,2024-11-18 13:51:30
928,95,4602.08,Debit Card,2024-09-15 08:17:04
929,64,3615.51,Credit Card,2024-12-26 19:57:38
930,53,4930.22,Mobile Payment,2025-04-17 13:41:35
931,71,3908.56,Wire Transfer,2024-12-02 14:04:26
932,107,2392.86,Debit Card,2024-10-02 19:53:29
933,189,2859.92,Bank Transfer,2025-03-04 00:41:25
934,18,1972.01,Wire Transfer,2025-05-23 19:09:59
935,176,1939.5,Wire Transfer,2025-02-15 07:51:44
936,124,2602.21,Mobile Payment,2024-11-18 03:11:04
937,195,1558.42,Credit Card,2025-05-20 03:11:04
938,193,3938.74,Credit Card,2024-12-21 22:16:30
939,131,4221.07,Wire Transfer,2025-03-06 11:57:56
940,66,1750.17,Bank Transfer,2024-07-12 07:53:12
941,107,516.57,Mobile Payment,2025-03-23 00:05:05
942,56,4520.27,Mobile Payment,2025-05-08 14:26:18
943,10,2012.2,Mobile Payment,2024-09-24 22:35:19
944,164,4029.62,Credit Card,2025-04-16 15:06:55
945,193,2393.25,Credit Card,2025-05-02 11:32:29
946,21,2779.43,Bank Transfer,2025-05-20 16:57:08
947,184,1489.48,Wire Transfer,2024-10-24 14:01:01
948,71,2089.17,Debit Card,2024-10-30 05:41:26
949,154,3294.77,Credit Card,2025-01-26 16:24:15
950,133,3805.17,Mobile Payment,2024-12-26 15:54:15
951,85,2367.59,Credit Card,2025-01-05 01:59:26
952,122,2448.35,Credit Card,2025-06-09 22:45:38
953,13,3549.23,Wire Transfer,2025-01-13 23:52:58
954,39,670.14,Credit Card,2024-07-21 02:48:53
955,100,425.63,Wire Transfer,2024-07-17 18:25:33
956,90,3907.74,Mobile Payment,2024-06-26 18:37:04
957,93,4264.24,Debit Card,2025-01-04 07:02:29
958,82,1489.52,Credit Card,2025-01-05 06:33:32
959,41,1979.22,Mobile Payment,2025-01-23 06:46:46
960,67,1103.29,Credit Card,2024-09-04 09:44:37
961,43,1291.12,Mobile Payment,2024-10-27 15:30:09
962,160,3025.71,Mobile Payment,2024-12-16 08:46:39
963,196,2006.79,Debit Card,2024-12-25 10:06:55
964,100,4481.86,Bank Transfer,2024-10-10 00:53:28
965,103,681.19,Bank Transfer,2025-06-21 14:44:21
966,14,2177.58,Wire Transfer,2025-04-12 22:22:58
967,79,4910.15,Debit Card,2024-07-21 20:44:50
968,88,3462.9,Bank Transfer,2025-03-25 14:39:10
969,97,4049.93,Wire Transfer,2025-06-13 19:04:30
970,160,4254.39,Mobile Payment,2024-12-15 05:23:38
971,37,2674.48,Credit Card,2024-08-06 16:40:39
972,160,3310.63,Bank Transfer,2024-06-26 13:34:09
973,97,4299.84,Mobile Payment,2024-09-23 22:01:47
974,48,3312.79,Mobile Payment,2024-07-15 21:59:42
975,81,600.05,Credit Card,2025-05-10 19:14:43
976,193,4510.65,Wire Transfer,2024-11-02 04:30:30
977,91,3160.6,Wire Transfer,2024-12-14 10:06:53
978,146,3244.31,Credit Card,2025-04-27 19:44:26
979,137,541.45,Credit Card,2025-01-19 14:50:31
980,135,3520.42,Mobile Payment,2025-03-12 22:53:45
981,119,3910.96,Credit Card,2024-12-09 12:01:27
982,151,3708.76,Debit Card,2025-03-16 09:53:52
983,123,1330.57,Bank Transfer,2024-12-07 12:51:51
984,63,2749.07,Mobile Payment,2024-08-02 10:51:17
985,89,4308.38,Wire Transfer,2025-01-16 04:37:06
986,177,2686.21,Wire Transfer,2024-08-07 06:17:59
987,109,4128.88,Mobile Payment,2024-09-08 14:19:07
988,141,173.47,Debit Card,2025-01-28 18:49:46
989,105,4805.11,Debit Card,2024-07-31 03:17:54
990,90,1424.23,Wire Transfer,2024-12-03 12:51:38
991,30,4679.78,Credit Card,2025-06-03 06:20:31
992,26,1716.27,Credit Card,2025-03-04 02:00:07
993,20,2189.46,Wire Transfer,2025-06-13 00:46:15
994,146,1111.39,Wire Transfer,2024-10-16 03:21:18
995,100,511.41,Mobile Payment,2025-02-05 17:24:19
996,52,3953.29,Credit Card,2024-07-21 17:50:26
997,26,3671.19,Wire Transfer,2025-04-14 00:45:40
998,104,2177.83,Wire Transfer,2024-12-12 14:40:07
999,49,3881.63,Mobile Payment,2024-10-26 12:43:23
1000,174,2937.05,Debit Card,2024-12-04 18:04:54
