SalaryID,EmployeeID,BaseSalary,Bonus,Deductions,PaymentDate
1,362,36472.23,5993.03,85.25,2025-01-01
2,310,67998.64,3343.69,2880.02,2025-03-11
3,126,61442.35,1972.38,354.11,2025-01-28
4,48,82642.04,7929.8,3985.2,2025-02-13
5,274,90997.67,3255.99,3993.72,2024-12-31
6,327,76107.49,1909.73,694.98,2025-03-03
7,134,37703.65,3786.14,4465.66,2024-10-22
8,125,94351.97,105.64,1030.12,2025-04-09
9,328,83897.15,3256.34,1161.07,2025-03-15
10,455,61055.15,4737.82,3805.66,2025-02-18
11,82,95061.49,3053.87,4347.7,2025-05-09
12,493,84285.47,8585.82,1709.91,2025-06-16
13,148,78752.19,8445.44,4868.48,2024-12-08
14,47,59434.86,9261.04,2560.25,2025-04-26
15,290,88793.1,5386.82,576.61,2025-02-16
16,200,73928.17,8816.38,975.29,2025-06-01
17,214,98587.07,7565.29,2281.9,2025-03-29
18,67,73947.79,846.12,2868.89,2025-04-16
19,298,88833.75,8082.55,219.84,2025-01-13
20,409,92899.63,950.33,1575.66,2024-09-23
21,8,97989.98,2887.47,172.14,2024-10-03
22,254,69201.6,7795.65,1742.15,2024-09-02
23,320,63673.59,786.18,4541.73,2024-09-14
24,7,70702.83,2805.62,2204.4,2025-02-14
25,477,99982.45,9232.74,4058.82,2025-05-27
26,53,85436.46,6593.18,4637.92,2025-04-21
27,71,88427.03,8202.04,4558.53,2024-11-20
28,86,93094.56,4099.21,2050.76,2024-07-27
29,307,55441.59,8963.78,3169.34,2025-04-15
30,395,40114.88,2927.16,2733.15,2025-03-17
31,292,47636.32,1882.31,10.75,2025-04-27
32,12,67505.54,2040.41,1027.48,2024-09-13
33,48,49730.1,7104.36,1624.25,2024-12-20
34,464,85686.48,3255.66,4019.92,2024-10-04
35,239,98370.08,2530.28,4074.09,2024-06-22
36,412,94315.81,5630.15,1462.34,2024-12-23
37,370,88322.86,2433.55,3824.75,2024-07-03
38,246,76295.19,531.97,1464.98,2024-08-06
39,60,81657.09,7858.68,4591.08,2025-05-12
40,161,46511.82,505.62,3079.85,2025-03-15
41,499,59298.94,3762.09,4168.82,2024-11-03
42,16,39861.26,8548.69,4647.12,2025-04-28
43,184,67919.65,6293.0,2459.19,2025-05-02
44,19,36876.64,6807.12,4809.43,2025-03-07
45,361,91694.11,702.57,2348.4,2024-07-11
46,105,58221.86,8077.14,1623.29,2024-09-01
47,447,74601.95,5686.63,2199.31,2024-11-06
48,433,83754.18,2038.59,4584.62,2025-06-18
49,399,77110.26,9290.04,3981.37,2024-08-03
50,376,31882.0,9488.8,99.34,2024-06-27
51,454,38797.48,7087.58,1452.42,2024-12-16
52,492,90820.84,573.35,1681.06,2024-10-27
53,162,69731.31,9782.02,1188.15,2025-01-02
54,225,48991.36,1439.71,494.66,2025-06-12
55,500,33406.17,7336.54,4694.15,2025-03-07
56,282,39004.69,6035.01,3754.44,2025-05-03
57,290,38201.56,9365.63,1781.72,2025-04-11
58,195,49369.89,2535.89,3145.09,2024-12-26
59,379,84967.97,9873.91,1570.61,2025-03-23
60,126,65018.44,5024.95,2116.56,2025-03-12
61,350,36204.11,5843.66,688.4,2024-10-04
62,78,86720.54,912.49,4460.2,2025-06-08
63,456,51769.04,2418.55,4735.34,2024-07-07
64,27,82014.98,8942.62,1869.0,2024-09-26
65,365,46413.03,4360.96,2462.52,2024-07-03
66,115,70148.3,6657.38,3206.49,2025-04-26
67,441,33686.73,178.48,1080.28,2025-05-24
68,132,78372.18,487.33,2799.8,2025-02-15
69,4,81111.23,1339.79,1516.91,2024-11-07
70,193,30659.25,5792.38,2237.27,2025-01-01
71,392,59012.02,2512.69,159.39,2025-06-11
72,50,53840.27,6264.33,919.17,2025-02-16
73,257,34440.96,2557.08,3504.03,2025-04-24
74,158,64793.3,5517.87,2944.7,2024-07-20
75,342,45399.63,7372.58,3343.42,2025-03-25
76,82,93722.59,1323.13,3480.28,2025-06-19
77,464,37654.17,906.61,3209.48,2024-09-01
78,413,69363.32,7862.37,1477.49,2024-10-24
79,401,58395.76,102.57,670.02,2024-09-02
80,317,44378.57,4824.47,4934.73,2024-11-13
81,13,69493.36,4275.18,1173.97,2024-09-24
82,324,75188.04,4003.83,4390.27,2025-04-08
83,70,53651.19,2466.83,1039.69,2024-11-09
84,170,95577.79,1794.29,401.47,2025-05-24
85,56,35063.92,931.37,4976.06,2024-09-09
86,145,78879.98,997.1,2785.14,2024-09-28
87,411,74477.22,4217.41,1517.9,2024-07-01
88,170,38904.15,4084.05,559.51,2024-09-04
89,84,96109.05,1995.83,4356.37,2024-12-22
90,33,96225.62,6024.14,3283.48,2025-01-10
91,342,96454.96,7310.02,3585.43,2024-09-14
92,389,30601.37,6437.01,633.13,2024-09-12
93,5,36744.79,4883.1,3319.44,2025-01-25
94,194,82308.04,9522.02,1902.66,2025-06-07
95,425,72296.74,2354.37,1369.7,2024-09-23
96,108,47812.78,8710.91,1432.82,2025-04-23
97,173,75292.36,1205.58,3715.42,2024-07-02
98,498,41718.08,2740.66,1582.05,2024-10-23
99,144,67081.3,8550.33,2805.88,2025-05-10
100,460,80051.01,905.53,136.88,2025-01-16
101,150,85187.65,9085.88,3543.49,2024-12-10
102,161,64383.6,1186.67,1414.83,2025-03-22
103,210,34360.7,184.47,1071.09,2025-01-02
104,250,46943.58,8418.74,3717.12,2025-02-20
105,95,82496.29,7563.73,1649.34,2024-08-21
106,320,74059.75,2382.89,281.33,2024-07-07
107,439,53495.42,8106.28,4671.2,2024-07-02
108,395,90088.54,538.89,4213.1,2025-06-06
109,274,82657.81,8980.57,3701.79,2024-07-14
110,152,67791.71,7019.58,4983.79,2024-09-29
111,310,82793.2,7032.17,359.84,2025-05-08
112,8,59812.68,174.54,2630.68,2025-06-08
113,321,89779.77,427.95,1645.89,2024-07-24
114,319,48402.27,6100.91,4138.53,2025-02-08
115,488,31991.37,7797.25,2422.86,2025-01-28
116,460,60437.07,4951.64,2030.58,2024-10-07
117,499,68033.17,3118.16,2371.36,2024-12-20
118,116,93922.26,1748.44,3283.72,2024-12-24
119,185,95654.02,1174.11,131.44,2025-04-04
120,199,67473.59,9477.99,4991.21,2025-01-21
121,259,80269.24,4595.12,2429.75,2024-08-01
122,273,79429.52,8185.96,2108.63,2024-08-25
123,155,55915.31,3337.04,278.6,2024-06-22
124,105,86617.82,2776.43,3844.32,2024-12-30
125,294,72104.84,9358.2,4389.03,2025-02-24
126,286,69964.26,128.79,4837.24,2024-10-07
127,232,54755.68,1440.96,3256.38,2024-09-12
128,469,84917.67,7154.24,2776.29,2024-07-12
129,423,84777.66,9848.57,774.52,2024-08-08
130,451,76122.57,4243.68,24.46,2024-11-18
131,370,31133.3,7714.6,3754.93,2025-02-16
132,493,88295.98,7271.6,607.16,2024-09-13
133,248,71683.31,5147.68,2677.95,2024-08-03
134,65,64393.01,2894.24,3412.25,2024-12-25
135,168,78315.44,7549.49,4768.16,2024-10-27
136,75,53187.31,9141.63,3667.52,2025-04-17
137,105,50713.91,6973.51,1995.57,2025-03-10
138,427,59367.54,3282.95,3882.82,2025-04-04
139,359,72821.2,132.8,2991.32,2025-06-06
140,229,30513.61,5434.79,3847.21,2025-02-18
141,225,88732.53,933.78,140.42,2025-03-28
142,131,55851.87,5122.95,1438.22,2024-07-11
143,490,59619.16,106.23,3959.55,2025-05-06
144,411,52249.19,1536.55,3818.93,2024-10-14
145,354,82320.06,1224.05,4666.82,2024-07-06
146,54,44662.22,163.45,2556.54,2025-04-03
147,477,87044.72,384.44,581.03,2025-05-07
148,410,39763.4,862.79,2716.17,2024-08-08
149,301,69522.91,8703.79,2888.8,2024-08-09
150,357,94817.85,1866.82,79.03,2025-01-02
151,244,94818.41,6661.6,2310.57,2025-05-18
152,379,61958.44,343.01,970.96,2025-03-04
153,230,63360.22,7781.02,572.7,2024-06-22
154,48,65674.75,6846.17,61.46,2025-03-07
155,451,99939.77,301.77,1856.4,2025-01-22
156,450,47187.14,1194.24,4086.06,2025-03-07
157,180,48200.89,7997.02,1953.17,2024-06-30
158,61,84874.71,8749.5,2671.42,2025-02-26
159,151,87245.44,5896.24,2787.66,2025-04-02
160,232,73587.15,5987.66,1794.87,2024-07-25
161,173,89802.26,3635.01,3692.73,2024-06-23
162,367,56280.8,6019.71,4836.88,2025-04-04
163,47,56410.46,6946.71,1811.76,2025-01-26
164,382,68253.06,1055.57,4256.93,2024-12-19
165,388,42542.21,7285.69,3223.25,2025-05-23
166,11,55081.87,3504.73,3582.71,2024-06-24
167,222,71193.04,4791.47,3174.67,2024-08-12
168,476,46803.4,5660.6,770.11,2024-07-12
169,327,73153.42,5392.74,2380.92,2024-09-04
170,6,58110.56,5365.46,2134.51,2025-05-24
171,293,90836.69,771.09,1008.23,2025-04-14
172,75,65298.09,3305.1,4732.57,2024-07-17
173,406,76889.77,8160.5,4411.56,2024-07-02
174,47,78365.9,2117.86,4169.46,2024-12-24
175,293,32560.61,9868.46,2715.01,2024-10-28
176,135,43910.85,5941.0,2383.13,2024-07-18
177,398,62583.6,8126.26,1239.53,2024-08-12
178,283,59731.96,3643.1,2019.54,2024-07-18
179,90,49363.71,1223.76,626.05,2024-07-10
180,356,98333.09,769.7,1175.49,2024-09-16
181,261,68170.38,8008.91,4955.07,2024-10-14
182,47,36998.5,986.63,998.85,2025-05-05
183,450,38454.09,8946.68,4905.84,2025-04-07
184,447,62945.08,7511.12,4027.35,2025-04-14
185,303,72353.93,2603.41,4890.75,2024-07-03
186,159,43292.39,7390.91,208.07,2025-06-01
187,266,49538.31,7273.94,4976.57,2024-10-31
188,219,73604.71,8276.58,3676.54,2025-03-03
189,449,88431.72,6009.83,362.99,2024-08-25
190,81,46257.0,4257.5,1034.15,2025-04-06
191,442,49220.68,1069.29,719.87,2024-07-07
192,58,92665.03,8073.63,4266.46,2024-11-17
193,96,97309.76,7678.38,4613.36,2024-12-09
194,23,43005.69,8867.88,4781.76,2025-04-05
195,242,90343.81,9424.64,3375.21,2025-02-07
196,109,52481.61,5992.23,4412.09,2024-08-10
197,13,90052.91,7923.29,3504.34,2025-03-16
198,447,64900.38,8438.72,1965.38,2025-05-18
199,50,36256.89,7016.53,3622.79,2025-02-20
200,380,46667.68,8318.04,3975.17,2025-03-15
201,7,62366.02,1898.02,1143.68,2025-03-20
202,221,92200.38,3813.27,266.02,2024-12-21
203,210,34878.81,4244.4,4460.36,2025-06-13
204,191,58493.79,3514.94,4129.78,2024-11-15
205,260,55136.16,4314.14,1702.68,2024-07-11
206,326,69153.93,1229.68,3623.28,2024-11-17
207,98,35745.97,1231.48,381.98,2025-01-30
208,405,61791.38,1371.9,4800.69,2024-09-02
209,54,63359.7,3049.54,2739.55,2025-05-03
210,375,76341.17,9884.82,963.35,2025-02-16
211,464,52628.29,6345.49,3299.71,2025-03-08
212,459,89584.63,6934.58,515.36,2024-07-26
213,56,68253.63,4706.47,650.15,2024-11-20
214,457,57176.83,6706.03,305.15,2025-02-17
215,466,60627.57,9530.77,2711.79,2024-11-25
216,17,81727.01,4831.45,149.67,2024-09-03
217,242,46558.93,3288.49,3394.38,2024-10-24
218,423,81978.31,7702.34,4840.81,2025-01-30
219,430,33693.78,250.7,1489.34,2025-04-11
220,430,99287.15,783.86,2155.79,2024-09-06
221,329,59153.14,4051.16,1221.52,2025-05-09
222,91,91078.01,4330.58,803.54,2025-04-14
223,137,92185.75,7500.88,1251.42,2024-07-09
224,55,80634.03,7652.23,4605.97,2025-03-19
225,453,53851.91,1897.48,2305.56,2024-09-20
226,163,91527.84,6439.88,331.32,2025-05-20
227,94,92365.18,3184.42,3123.88,2025-06-06
228,279,79191.25,4760.21,3204.95,2024-07-09
229,150,61613.85,3443.46,1452.5,2024-08-06
230,5,37199.83,8314.8,3033.63,2024-08-25
231,305,64415.62,4870.02,1235.62,2024-07-30
232,90,97701.06,8259.91,1198.69,2024-08-07
233,70,58225.33,5654.18,4552.39,2024-07-27
234,197,94851.35,7001.14,3789.0,2024-10-28
235,254,89135.42,7997.99,4396.03,2024-07-07
236,239,34382.77,5722.96,1661.22,2025-03-05
237,105,38112.25,7483.5,4.71,2024-10-11
238,301,35043.43,4280.44,4760.49,2024-08-08
239,454,66049.45,1734.41,1782.94,2024-12-11
240,455,72509.51,6090.75,3704.15,2025-05-22
241,77,83426.18,8030.0,1244.25,2025-02-02
242,264,89480.06,1589.24,1477.18,2024-11-07
243,31,31745.19,9330.01,2046.23,2024-08-22
244,281,73485.72,9325.12,1100.15,2024-10-03
245,267,96004.75,714.67,466.78,2025-01-05
246,313,97045.79,3458.52,670.73,2025-02-04
247,408,53473.56,3233.44,677.24,2025-05-11
248,335,51890.14,3087.96,3353.13,2024-09-25
249,205,64074.38,3605.38,2901.37,2025-01-28
250,53,55442.22,5933.15,2813.53,2025-04-01
251,395,74310.88,1497.28,4533.97,2025-02-03
252,252,85534.4,6409.19,4553.77,2025-01-03
253,407,69026.08,9046.31,2541.93,2025-02-25
254,37,62019.56,3680.63,3942.15,2025-06-07
255,322,38054.21,9331.97,2805.94,2025-02-22
256,374,64511.94,4038.41,2457.05,2025-06-20
257,190,72568.67,1721.78,2624.18,2024-08-29
258,156,86712.21,7541.23,3228.04,2024-06-22
259,332,90156.61,7822.01,4147.68,2024-08-15
260,409,35917.19,4820.78,830.14,2025-05-16
261,75,56857.0,4761.78,2922.49,2024-12-05
262,356,91130.04,9337.82,4128.79,2025-01-30
263,7,99149.86,1272.37,3792.59,2024-11-28
264,293,46908.52,4438.03,4894.8,2025-05-20
265,189,44548.32,1704.26,3117.04,2024-09-17
266,423,93271.91,1659.2,4146.22,2025-06-08
267,192,63148.87,5575.25,3089.01,2024-09-20
268,483,71111.38,3455.69,3942.4,2024-07-12
269,410,62947.16,4336.14,4230.58,2024-10-11
270,487,61189.81,8093.25,4118.59,2024-11-26
271,200,73218.66,8724.41,3431.85,2025-06-03
272,105,48935.82,8438.47,4644.93,2025-01-20
273,174,33986.61,3102.47,1869.74,2024-08-06
274,289,94634.81,1917.88,1237.13,2025-02-04
275,228,70543.25,635.84,2011.78,2024-06-23
276,6,48592.99,7167.42,2763.88,2025-01-08
277,129,62784.63,7929.59,1736.39,2025-05-24
278,140,39258.18,7548.38,1289.89,2025-04-30
279,74,95398.95,3231.9,3342.94,2024-11-07
280,265,53032.32,1441.68,4983.81,2024-08-22
281,209,51321.79,7747.71,3847.89,2025-02-02
282,401,48345.1,7315.63,1641.8,2024-10-28
283,108,36347.38,4522.16,2773.07,2024-09-01
284,301,40125.0,668.88,4949.08,2025-01-28
285,103,83288.64,6906.88,31.75,2024-08-02
286,31,44209.9,1041.98,3628.39,2024-08-10
287,214,92313.08,5673.61,56.23,2025-04-27
288,227,92477.79,7940.08,415.95,2025-02-21
289,432,78060.25,6274.58,4360.24,2025-01-04
290,187,51203.1,4401.41,271.61,2024-08-25
291,109,73513.25,4789.97,4760.62,2024-08-04
292,402,80798.51,825.16,1349.8,2024-12-27
293,84,36140.82,9203.09,4545.66,2025-03-31
294,204,74525.79,7958.1,3875.24,2025-05-28
295,97,77645.1,1797.86,4782.63,2024-10-04
296,295,45443.51,5236.96,2664.59,2025-03-11
297,67,44408.18,9615.62,4929.35,2025-04-08
298,220,40843.52,5009.02,1051.85,2024-09-23
299,70,66683.04,2981.78,1225.58,2024-10-15
300,309,54442.89,1004.02,508.0,2024-09-16
301,128,35293.32,6326.39,3039.33,2024-06-24
302,20,66364.37,8533.99,1156.4,2025-05-02
303,479,32647.14,6872.46,3974.75,2024-11-22
304,429,54084.68,8429.44,115.89,2025-04-19
305,343,33621.09,3440.25,4485.53,2024-08-16
306,136,55909.51,1020.53,4006.13,2025-01-18
307,201,69759.44,8014.92,4965.05,2025-05-25
308,337,73844.03,1332.79,1536.35,2025-05-25
309,470,38390.14,2323.83,2819.54,2025-05-22
310,164,89683.98,667.9,600.38,2024-07-03
311,133,33887.78,4173.84,1372.7,2024-12-04
312,179,60529.92,8494.99,4419.08,2024-12-12
313,411,52965.72,3863.24,3930.1,2024-07-07
314,234,45048.92,1415.6,4180.35,2024-11-12
315,407,63992.75,8616.32,2467.46,2024-10-07
316,436,74773.97,8347.21,4367.92,2025-05-20
317,281,42918.24,1414.35,4862.38,2025-05-21
318,500,78251.17,8295.27,2943.69,2025-03-02
319,326,75494.18,7568.4,1529.09,2025-01-19
320,456,94207.26,4898.71,1411.14,2025-03-24
321,292,37054.48,2613.1,168.7,2025-02-09
322,388,81847.16,1481.53,4686.94,2025-06-06
323,22,81408.21,9825.27,175.71,2025-04-27
324,359,60880.74,428.6,3753.51,2025-02-04
325,41,57110.15,1626.04,3714.47,2025-01-30
326,411,69375.08,741.08,4995.23,2025-03-27
327,327,46855.11,4813.17,4058.59,2024-07-12
328,365,62488.9,8351.9,910.47,2024-09-02
329,21,85601.33,1995.9,1790.69,2024-12-12
330,31,96482.79,1916.64,1338.46,2025-05-01
331,270,83084.73,9453.61,415.7,2025-01-24
332,269,93252.2,7507.46,3886.46,2024-09-13
333,476,93368.95,76.29,4506.16,2024-08-06
334,411,74318.6,308.41,1980.97,2024-09-15
335,320,41033.26,2109.42,4470.95,2025-05-08
336,355,79612.69,2333.4,1826.34,2025-01-22
337,240,88865.94,8981.59,2512.31,2025-06-03
338,495,42545.15,8510.91,3739.89,2024-08-16
339,49,65298.22,3598.69,2499.45,2024-10-13
340,64,65158.9,650.34,3323.23,2025-02-06
341,22,40980.73,1715.15,1188.61,2024-08-07
342,328,99714.33,4040.76,610.48,2024-12-11
343,191,40041.5,3449.3,2616.51,2024-11-17
344,97,30193.9,6433.99,838.06,2024-10-25
345,92,32747.05,6466.89,3552.7,2024-07-16
346,107,41984.04,1412.84,4306.3,2025-02-26
347,490,68552.05,693.24,3507.84,2024-10-20
348,289,66650.21,7625.33,2885.65,2025-05-09
349,100,56412.83,5777.79,918.01,2025-04-07
350,315,70684.13,3838.3,3940.63,2025-06-16
351,392,69961.98,4550.48,4159.48,2024-07-16
352,161,84003.99,3829.55,942.36,2025-05-20
353,90,35982.32,3230.26,1792.55,2025-02-10
354,345,34589.48,6420.83,4995.84,2024-08-11
355,91,70407.77,7077.54,4566.01,2024-11-14
356,294,80654.39,2552.19,2748.67,2024-06-27
357,13,70010.25,5730.09,2539.77,2025-02-13
358,102,45352.75,8334.37,3991.73,2024-09-11
359,297,60680.85,3509.1,2040.07,2025-06-11
360,13,37771.15,5315.91,2552.7,2025-01-29
361,49,40486.73,2934.29,3721.48,2025-06-16
362,30,39606.27,5644.95,1044.32,2025-06-01
363,228,37630.06,2289.74,2268.83,2025-05-15
364,70,83285.77,7484.37,1392.07,2025-04-01
365,186,96139.97,6910.16,1942.07,2025-06-18
366,349,45025.93,4871.29,2626.33,2025-01-28
367,45,95612.33,1968.58,751.96,2024-08-01
368,292,51823.58,9132.58,4256.69,2024-10-25
369,401,64253.64,2998.65,2626.15,2024-12-18
370,219,98811.64,5323.89,598.44,2024-10-29
371,143,59247.28,5042.72,1455.87,2024-09-26
372,161,75489.09,8230.36,1528.71,2024-06-27
373,495,53753.82,7953.54,951.92,2024-08-31
374,160,45718.46,9196.36,2097.38,2024-09-06
375,185,33017.88,6845.73,2621.45,2025-02-27
376,329,59449.41,1980.49,1894.89,2024-08-26
377,143,38799.43,5048.81,4046.17,2025-03-09
378,364,89142.0,4182.9,3352.83,2024-11-09
379,163,93018.85,7640.34,3932.78,2024-09-06
380,317,71177.56,147.5,3504.56,2024-12-02
381,465,49869.24,2460.03,3309.48,2024-06-27
382,187,72261.91,1580.63,3008.07,2024-08-12
383,284,92447.6,1812.27,4353.49,2025-01-04
384,186,67711.0,3841.8,2944.88,2024-10-28
385,416,31836.25,889.53,4026.73,2024-07-21
386,470,49193.99,7333.87,4333.89,2024-10-18
387,371,72865.42,4845.58,3226.7,2024-09-27
388,235,44386.54,731.81,4747.57,2025-03-01
389,439,79915.22,9154.42,1121.33,2024-07-03
390,103,55353.47,2760.76,3173.35,2025-01-06
391,377,62564.24,1527.06,4854.42,2025-03-10
392,84,67922.44,4617.59,3916.67,2025-02-13
393,48,67633.23,4311.23,1125.7,2024-10-30
394,16,46654.19,3366.21,1382.21,2024-09-24
395,38,76941.04,7437.75,3800.57,2025-03-19
396,234,99781.42,9253.1,289.91,2024-12-20
397,96,82707.29,4063.65,3428.61,2025-01-28
398,253,92508.83,8183.0,2352.12,2024-11-08
399,279,90454.4,1926.69,2795.19,2024-09-04
400,64,74912.62,1604.83,1052.52,2025-01-29
401,500,60607.75,5805.44,2363.23,2024-08-24
402,316,83435.69,5750.96,526.02,2025-01-28
403,171,42439.46,607.79,82.83,2024-10-03
404,452,42437.97,3097.2,4431.29,2024-10-31
405,285,72468.02,7451.51,4682.13,2025-01-01
406,395,67272.57,8718.56,4231.57,2025-05-09
407,374,42499.82,1559.83,1240.73,2025-04-24
408,254,69007.51,6760.3,1244.53,2024-10-21
409,273,30766.91,2932.68,810.89,2024-10-10
410,309,93707.0,9311.85,750.59,2025-01-19
411,261,45887.67,4789.95,2829.73,2025-01-13
412,481,32807.23,103.88,596.9,2024-07-13
413,17,76416.14,2698.16,25.02,2025-02-06
414,271,59496.88,4158.15,314.25,2024-11-15
415,38,49173.31,6636.87,1533.82,2025-04-24
416,341,55726.9,5288.46,1736.66,2025-01-25
417,50,56675.96,4644.79,1589.63,2025-04-16
418,65,79950.72,8780.47,4586.22,2024-07-16
419,306,73854.02,7186.44,16.39,2025-01-16
420,141,74465.19,7886.96,927.35,2025-04-19
421,153,72293.5,5242.07,2689.14,2024-10-17
422,324,88474.6,1116.77,1184.58,2024-08-22
423,33,87825.57,5730.03,1926.77,2024-12-24
424,80,54653.79,2122.57,4683.28,2024-12-22
425,437,58288.09,2115.28,107.8,2024-10-24
426,155,74498.5,9510.56,4873.28,2025-02-15
427,83,83924.6,1721.51,798.42,2024-09-02
428,118,91368.95,3372.91,2982.27,2024-06-30
429,176,51789.49,459.83,2897.91,2024-08-02
430,217,70179.89,7196.88,2557.65,2025-04-05
431,467,68914.96,2013.85,3443.33,2024-08-12
432,302,58731.11,8790.09,1569.03,2025-01-22
433,394,57504.86,9562.38,4362.04,2025-02-20
434,393,59623.13,572.37,694.48,2025-03-23
435,361,36614.84,9658.57,1184.38,2025-06-14
436,313,72659.88,7223.64,3757.5,2025-05-14
437,41,63958.17,3065.16,4315.58,2024-07-23
438,53,62610.27,4113.37,1779.13,2024-12-27
439,419,73797.68,5255.1,2530.93,2024-11-04
440,432,33135.1,110.17,4810.48,2024-07-11
441,144,71476.5,3776.88,3946.23,2025-04-07
442,414,64981.05,9869.82,4849.51,2024-12-10
443,39,55040.37,3413.77,2569.28,2024-12-01
444,246,76311.37,4692.24,3834.47,2025-01-09
445,385,34560.95,687.2,3139.45,2024-12-20
446,368,94069.54,8760.9,2815.33,2024-07-22
447,479,91146.05,6869.0,383.58,2024-08-14
448,486,56562.49,144.61,1623.72,2024-06-28
449,327,34242.23,7330.15,468.26,2024-11-30
450,82,66309.28,433.02,394.98,2024-08-17
451,498,35822.92,2864.04,2803.82,2024-11-08
452,477,30901.39,6035.7,536.07,2024-07-24
453,87,30007.87,2997.05,482.25,2025-01-04
454,338,92185.27,2413.42,2850.35,2024-11-27
455,461,90816.41,6894.06,494.5,2024-12-10
456,310,70539.63,8242.41,539.87,2024-09-23
457,224,67162.39,6899.84,401.37,2025-02-23
458,459,81453.87,7214.12,2565.95,2025-05-28
459,227,31297.64,3789.3,1077.04,2024-07-06
460,148,93078.43,6260.15,3134.57,2025-01-06
461,301,51292.71,8681.51,80.19,2025-02-23
462,174,66041.57,9870.28,307.89,2025-04-26
463,375,49479.67,4668.16,111.81,2025-02-10
464,453,71377.38,5021.0,1702.52,2024-08-08
465,216,39280.11,1506.93,1397.89,2025-04-14
466,79,93324.96,1017.4,2304.09,2024-12-10
467,101,83088.59,8615.3,2643.55,2024-10-04
468,87,80450.21,3906.34,4874.34,2024-07-05
469,253,53032.9,7813.26,3678.98,2024-09-11
470,472,70385.0,896.11,933.94,2024-07-14
471,370,52390.21,133.11,2612.12,2024-06-20
472,241,87594.51,5138.18,51.79,2025-01-04
473,411,70497.32,5878.5,4627.46,2024-06-20
474,274,41627.14,7419.13,623.07,2024-12-31
475,380,35154.24,8121.41,2576.74,2025-06-02
476,323,42329.12,2043.97,2459.08,2025-03-31
477,398,37006.78,5619.84,542.85,2025-06-08
478,416,71210.09,2815.6,3060.05,2025-03-01
479,360,72656.65,6190.79,630.11,2025-05-05
480,397,72824.45,8653.32,2048.36,2025-03-31
481,38,82868.63,1649.59,2963.99,2024-09-13
482,179,78576.57,1497.38,1472.8,2024-09-16
483,16,74280.99,5884.83,3655.08,2024-06-30
484,255,52375.51,9442.25,4749.79,2025-01-20
485,399,62142.74,3870.27,416.19,2024-09-12
486,454,86969.29,2349.05,2653.27,2024-08-17
487,245,37864.26,4181.72,518.64,2024-12-22
488,272,72647.8,6563.15,4964.9,2024-06-29
489,423,93030.69,7172.71,4262.63,2024-11-01
490,189,44772.01,4941.1,4039.85,2024-10-26
491,374,32460.51,9803.6,92.78,2025-01-28
492,482,65784.72,6172.55,2115.91,2025-01-25
493,389,37355.04,2779.0,2059.3,2024-12-22
494,39,62536.93,2479.22,859.68,2025-01-22
495,142,61999.7,1516.36,3439.29,2025-04-25
496,175,89502.26,7774.41,3937.33,2025-03-29
497,54,47317.48,9273.49,3710.47,2025-02-10
498,494,50603.18,302.1,2952.54,2025-06-05
499,24,81648.86,3370.98,3172.38,2025-06-13
500,419,33758.29,928.48,1430.88,2025-05-26
501,379,52271.1,8563.16,4696.3,2025-05-24
502,185,80050.18,2395.33,1945.92,2025-04-02
503,430,66107.2,7845.14,3649.51,2024-09-21
504,227,33728.68,2686.05,3340.15,2024-12-21
505,175,66847.36,7062.11,2283.73,2025-02-20
506,442,81589.46,4205.94,3698.15,2024-11-28
507,433,49462.48,8452.01,4049.71,2024-10-30
508,464,56022.02,4504.77,2978.44,2025-02-19
509,131,73716.75,4367.86,2282.78,2024-11-27
510,332,46951.99,81.6,1569.94,2025-03-19
511,97,52212.95,9685.35,4285.94,2025-01-11
512,245,34563.76,4977.36,3600.01,2024-11-21
513,107,33549.25,2723.72,2803.74,2024-09-06
514,368,30465.43,3059.64,794.66,2025-04-16
515,181,76368.61,5285.52,2764.92,2024-10-02
516,427,45170.56,5932.22,121.74,2024-10-18
517,19,30097.02,5583.41,1174.02,2024-06-27
518,34,71081.87,6750.31,2164.67,2024-09-08
519,334,53059.86,3898.22,1581.24,2025-04-13
520,450,70020.99,8681.68,2036.8,2024-11-13
521,12,91526.17,5095.65,4455.86,2024-07-26
522,13,40453.99,8347.97,1195.37,2025-01-31
523,313,89034.86,6675.48,1780.31,2024-09-26
524,280,70933.73,3302.77,2492.01,2025-05-05
525,400,32926.54,7534.21,3579.57,2024-10-07
526,13,69688.45,4579.52,2739.55,2025-04-15
527,405,66975.7,8615.61,4564.45,2025-03-22
528,157,38115.33,4492.97,350.1,2025-04-18
529,151,39518.06,635.16,3177.16,2024-08-10
530,473,94496.27,442.23,3588.49,2025-04-15
531,312,61587.02,7112.77,3181.37,2024-06-22
532,2,35001.19,5247.81,3637.74,2025-01-01
533,155,67327.14,3191.62,952.56,2024-10-09
534,230,80146.39,8255.57,2013.27,2024-07-26
535,483,36379.65,496.17,3025.02,2024-06-26
536,367,80970.92,80.55,4460.83,2025-02-17
537,343,77132.55,4542.77,3303.75,2025-02-18
538,373,55778.2,9696.69,4528.14,2025-02-27
539,101,72334.27,577.5,1699.76,2025-05-25
540,156,82791.45,4963.94,402.38,2025-06-13
541,323,40088.97,3643.44,3425.59,2024-08-07
542,374,85352.74,814.73,541.71,2024-07-23
543,280,70464.19,6725.23,3641.56,2025-05-12
544,74,89594.1,2100.62,4330.72,2024-11-10
545,217,32532.66,99.22,4991.11,2025-05-07
546,94,93336.03,5829.32,87.76,2024-07-24
547,53,45882.39,3266.11,1856.68,2024-09-17
548,109,44961.35,4905.9,4865.03,2025-04-07
549,133,50865.91,5576.32,2511.89,2024-07-08
550,392,92149.2,3705.95,3599.63,2024-09-10
551,64,95368.89,6557.72,3776.51,2024-06-24
552,434,55291.86,4555.3,4351.21,2024-11-14
553,245,81314.37,153.54,3366.15,2024-10-29
554,293,68303.39,6681.63,4237.9,2025-03-20
555,191,69804.18,7150.57,3830.34,2025-04-13
556,96,97470.47,3510.94,3881.7,2025-01-12
557,84,74936.33,1075.59,3602.94,2025-01-04
558,379,70899.85,8608.28,2979.89,2024-08-03
559,428,40538.46,4590.45,4159.65,2024-10-31
560,385,97017.4,7119.29,2094.28,2024-08-20
561,320,86809.8,9290.52,448.18,2024-09-19
562,484,42351.14,6863.4,1951.56,2025-02-10
563,8,95891.74,8990.49,2374.25,2025-03-26
564,282,52595.38,2147.76,3769.39,2024-11-22
565,111,68964.82,157.57,2618.79,2025-03-05
566,490,80662.76,5277.33,1886.74,2025-01-26
567,477,33581.72,9365.71,562.62,2024-09-01
568,269,86140.34,9573.86,197.12,2025-04-18
569,426,66871.93,9683.07,2301.48,2025-01-12
570,142,32780.98,3803.79,1753.16,2024-12-08
571,456,56526.36,2464.53,2347.54,2024-08-19
572,196,50004.8,7409.75,3424.48,2024-11-22
573,452,41992.75,1213.14,3170.03,2025-05-24
574,60,97579.32,6851.22,3117.77,2025-01-16
575,35,71120.47,2368.04,2925.62,2024-12-01
576,63,93151.67,9640.49,3831.09,2025-03-04
577,360,37639.29,7899.92,4533.78,2024-10-03
578,247,91054.0,8006.36,140.33,2025-03-20
579,303,49638.48,3308.77,1971.53,2024-06-28
580,340,52539.46,5923.66,1715.6,2024-06-28
581,491,82864.75,7258.82,4161.54,2024-10-20
582,161,49926.4,7185.35,4790.54,2025-02-26
583,2,89441.78,5183.61,4558.09,2024-07-12
584,277,85752.51,9137.02,1715.2,2025-02-03
585,392,82256.19,3985.14,2826.53,2024-06-29
586,167,51289.63,7495.53,4667.69,2024-10-30
587,57,90012.4,2213.17,1092.89,2025-03-22
588,283,84470.02,52.33,1149.45,2025-02-04
589,80,73153.65,2758.13,1924.9,2025-03-27
590,369,76137.12,6747.86,4113.56,2024-10-21
591,200,34981.96,1947.31,4862.6,2024-08-13
592,173,63299.89,9033.92,2669.96,2025-03-23
593,465,84064.88,4639.82,3690.38,2025-06-18
594,285,69602.53,6482.16,2673.53,2024-12-29
595,310,78217.8,3487.31,438.94,2025-04-10
596,437,54647.63,6441.67,1385.9,2024-12-28
597,124,39401.47,6976.54,203.45,2025-01-29
598,84,90316.09,6935.03,3071.6,2024-09-27
599,329,68121.6,8207.93,799.76,2025-02-13
600,420,36560.64,6768.04,958.16,2025-03-15
601,430,63864.56,484.02,4391.72,2025-05-19
602,272,46589.96,6987.53,900.66,2024-09-13
603,480,66951.01,79.83,931.35,2024-06-30
604,33,45389.82,2657.83,1591.1,2025-04-14
605,437,77603.88,1715.97,500.3,2025-06-16
606,349,85193.21,2269.02,3211.06,2025-02-03
607,148,96649.5,4145.22,844.74,2025-01-28
608,260,87927.09,2533.38,4822.27,2024-08-23
609,496,80168.9,978.99,4524.29,2024-08-24
610,259,92922.47,6790.85,4244.64,2024-07-28
611,308,38537.39,4477.28,2996.43,2024-09-15
612,469,56229.07,9094.95,3620.12,2025-01-15
613,119,41338.95,1414.22,4690.91,2025-03-15
614,288,97798.54,8976.83,2100.64,2024-12-25
615,297,83790.03,986.38,4664.69,2024-08-10
616,196,32941.53,8064.88,4126.79,2024-09-10
617,432,50675.6,8628.25,3551.81,2025-06-17
618,295,79073.98,4317.67,318.56,2025-04-21
619,23,38040.25,192.77,4301.02,2024-08-30
620,35,61372.94,8709.31,4400.73,2025-02-17
621,199,85696.38,1845.99,2160.95,2024-07-17
622,134,62919.9,8611.8,2892.3,2025-01-23
623,410,33843.44,6790.89,1424.32,2024-08-30
624,213,70701.01,3188.0,1351.6,2025-04-19
625,27,88055.81,2916.21,4924.35,2025-02-01
626,497,66030.98,3729.2,68.71,2024-11-05
627,356,44716.2,2600.58,1274.91,2025-05-15
628,34,84945.36,561.25,1879.58,2025-06-10
629,1,78590.22,1013.93,3373.27,2024-09-23
630,322,77402.52,4026.92,4482.53,2025-01-28
631,465,45745.44,4717.83,1684.96,2024-12-12
632,463,95628.44,5744.19,305.3,2024-11-19
633,455,36964.39,6252.35,2611.79,2024-09-03
634,357,72082.57,1563.38,2195.32,2024-09-28
635,217,35217.73,8894.89,1720.21,2025-02-07
636,168,67334.75,6703.51,1640.2,2024-10-19
637,399,83682.3,9368.96,3257.8,2024-12-18
638,351,74953.22,5247.82,2195.54,2024-09-20
639,117,80959.89,6095.73,4699.27,2025-04-26
640,317,98930.07,3984.65,1307.81,2024-10-26
641,56,75593.43,1018.62,4043.88,2024-10-13
642,436,92112.04,2592.35,1450.1,2025-04-22
643,124,69480.18,408.15,377.35,2024-09-04
644,292,38478.22,3370.17,3607.13,2025-02-19
645,196,58042.22,10.33,27.35,2025-06-19
646,126,94142.68,9213.2,156.42,2025-03-26
647,164,81160.32,7957.16,566.12,2025-05-28
648,12,53897.78,3050.97,448.88,2025-03-22
649,445,75870.7,2440.5,1682.49,2025-01-26
650,313,88456.96,6206.12,1884.52,2024-08-30
651,439,86523.99,5840.49,2738.49,2024-10-22
652,413,34544.12,3226.61,1218.69,2024-12-14
653,166,45372.64,2403.35,131.77,2025-03-22
654,82,73132.08,1458.72,887.42,2024-10-08
655,353,56182.6,7691.7,1243.26,2025-04-02
656,289,78506.49,6542.49,433.42,2024-08-31
657,173,53224.35,1369.43,1268.11,2024-06-21
658,5,57108.22,890.88,4520.22,2024-12-21
659,322,43062.76,6071.07,936.78,2025-03-05
660,270,32357.14,4441.96,305.29,2024-08-26
661,465,54835.29,438.81,2908.53,2024-10-04
662,408,48681.01,4792.69,4840.73,2025-02-17
663,245,95002.29,3552.97,144.14,2024-07-10
664,307,30255.79,7551.13,1027.97,2025-06-10
665,214,42986.31,3046.78,800.6,2025-03-18
666,174,71986.71,9896.04,1997.7,2025-03-24
667,125,61574.1,7682.4,1585.52,2024-09-22
668,238,34233.09,2854.4,3562.1,2024-12-12
669,414,88713.69,1137.98,3216.59,2025-01-17
670,238,90741.38,9450.7,4230.87,2025-01-20
671,177,69293.06,5394.56,1558.26,2025-02-06
672,360,44911.01,8002.73,2450.81,2024-10-24
673,273,99850.83,5030.52,1039.06,2025-01-05
674,12,64847.04,5793.86,2490.52,2025-03-15
675,454,33360.87,4648.58,1934.14,2024-11-27
676,85,37937.45,8232.23,1640.73,2025-05-02
677,103,35085.3,102.25,2128.78,2024-09-12
678,34,38383.13,3668.46,4017.2,2025-06-17
679,56,30980.45,2065.59,4337.97,2024-08-08
680,107,73252.52,7955.08,4774.59,2024-11-20
681,91,44231.91,4402.95,1601.18,2024-09-07
682,393,89927.41,391.84,3724.42,2024-10-24
683,255,80641.06,8541.55,2877.81,2024-12-28
684,471,89823.18,8039.31,4475.81,2024-09-02
685,375,88012.35,5940.8,2233.7,2024-06-26
686,19,99961.51,2156.34,4602.0,2024-10-13
687,94,78609.5,9039.68,3710.69,2024-07-05
688,289,83598.04,8514.54,404.76,2024-08-28
689,10,65165.91,6550.21,880.98,2025-01-06
690,169,71748.07,7697.91,1190.27,2025-05-08
691,186,57978.86,5244.79,2175.0,2025-01-26
692,38,30853.56,6883.09,3563.62,2025-05-28
693,383,78209.12,2389.66,518.3,2025-03-31
694,75,38766.96,7135.65,4347.66,2024-12-04
695,63,44478.41,7850.0,3899.97,2024-10-04
696,288,78621.28,9535.7,2781.0,2024-11-16
697,120,49573.18,569.49,2615.59,2024-10-25
698,176,67420.04,6337.45,2626.48,2024-11-05
699,306,78970.06,2213.8,58.1,2024-06-23
700,82,30577.94,8708.64,2059.47,2024-07-17
701,346,91153.12,4636.83,4172.48,2024-09-03
702,199,41030.13,6315.97,2243.16,2024-12-15
703,355,94497.43,7491.94,1743.12,2025-05-22
704,83,73078.56,43.23,454.73,2024-08-27
705,346,99765.55,4244.21,2262.06,2025-04-01
706,447,70758.52,975.91,4134.39,2024-09-04
707,328,49445.41,1090.56,3893.11,2024-10-18
708,493,74246.07,1019.92,137.54,2024-11-13
709,361,40430.44,1834.93,1221.89,2024-11-04
710,204,71407.01,9781.25,625.46,2024-08-23
711,313,50388.54,3230.18,3165.14,2024-10-28
712,33,46511.3,7543.72,3589.14,2025-03-12
713,157,99012.74,5429.65,245.52,2024-10-14
714,287,45473.2,9200.89,1401.08,2025-05-06
715,421,74013.14,2634.58,2389.62,2025-05-08
716,28,87480.72,791.6,1758.85,2024-12-29
717,446,60356.81,6003.42,3763.14,2024-10-03
718,125,44119.88,67.09,148.66,2024-08-10
719,116,99141.64,4246.27,3073.19,2024-08-30
720,191,44108.17,266.72,668.75,2025-04-20
721,418,46969.59,8706.54,2648.54,2024-06-26
722,208,34680.89,9490.48,143.42,2025-06-09
723,332,67808.59,5347.38,47.6,2025-01-22
724,163,90239.32,2863.93,1226.95,2024-09-28
725,156,44602.38,9069.43,1116.56,2025-01-03
726,329,50578.75,5947.34,2744.58,2025-06-17
727,318,74689.01,3474.71,2884.21,2024-12-08
728,144,40948.21,2679.61,1368.49,2025-03-27
729,313,49507.84,2275.94,1644.5,2024-07-17
730,229,65086.02,3088.76,3215.09,2025-05-14
731,360,87499.9,2264.61,3498.49,2025-04-02
732,93,96037.4,3719.0,3725.23,2024-10-26
733,149,32861.41,8973.29,3584.09,2024-08-09
734,413,67264.15,9825.75,1377.55,2025-01-11
735,420,89106.05,6776.69,3874.56,2024-10-11
736,424,37605.09,2166.55,1530.93,2025-01-13
737,465,43323.62,4485.58,181.66,2024-12-24
738,434,92154.3,3868.7,4947.76,2025-03-16
739,52,38660.97,7403.06,4993.53,2025-03-31
740,376,65101.34,671.91,2681.24,2025-05-06
741,156,89495.47,855.08,4842.37,2025-04-14
742,81,67205.5,593.06,1328.48,2025-05-15
743,403,93825.35,6512.74,2417.99,2025-02-14
744,231,39564.94,9174.62,1738.0,2025-01-02
745,375,81577.8,4847.19,3924.4,2025-02-20
746,6,92917.35,5099.28,851.21,2025-03-06
747,128,30828.56,6679.07,4160.76,2025-05-21
748,310,92021.31,7763.99,3721.81,2025-03-15
749,7,81154.71,3687.44,1552.31,2024-11-03
750,205,84599.06,86.94,3694.0,2024-07-11
751,308,89415.36,8416.24,3283.76,2024-08-27
752,159,91256.75,1700.44,2700.54,2025-03-27
753,335,90340.87,7339.13,373.79,2024-08-23
754,38,68681.62,4235.74,2593.09,2025-04-01
755,25,91655.68,2236.18,4477.53,2025-04-03
756,28,94271.38,3712.7,2367.01,2024-12-10
757,341,57412.13,4595.08,4403.15,2024-11-14
758,370,32919.13,2569.14,1928.52,2024-12-01
759,363,80362.51,6859.8,177.57,2025-04-28
760,235,76288.32,4366.68,3563.0,2024-08-06
761,192,90526.11,461.76,3920.94,2024-09-04
762,120,73086.94,3938.98,968.77,2025-04-06
763,498,49072.7,9741.91,226.86,2025-06-19
764,482,30810.63,3200.69,151.42,2024-12-04
765,361,60698.9,4367.8,2902.43,2025-01-05
766,109,49179.47,9816.53,1458.37,2024-09-29
767,57,50612.54,8095.43,2499.01,2025-02-04
768,54,38127.85,7502.14,1119.23,2025-06-03
769,427,87934.7,3137.64,1953.96,2025-01-15
770,88,61418.52,2364.73,4903.54,2025-03-14
771,483,86607.9,7.8,2126.85,2024-10-15
772,363,66448.3,3794.22,1896.16,2025-06-10
773,143,89732.51,9704.53,4137.48,2025-05-28
774,358,94104.73,4212.27,1068.81,2025-04-04
775,104,32756.48,2936.81,2523.12,2025-02-22
776,259,42149.3,3062.01,1748.85,2025-06-04
777,497,65572.69,121.67,2297.41,2025-04-14
778,323,38882.37,9059.63,2073.49,2024-08-31
779,107,59414.08,6262.19,1602.3,2025-05-18
780,215,78841.38,9674.78,275.14,2024-11-17
781,247,67224.48,7423.34,2028.27,2024-10-15
782,84,80132.66,1038.77,45.19,2024-11-05
783,305,57743.4,1920.61,2330.73,2024-12-07
784,28,78820.85,8489.45,4708.67,2024-09-23
785,390,56819.07,6777.16,2877.25,2024-11-15
786,195,97774.46,9073.71,2746.05,2025-04-26
787,75,90402.63,8742.67,48.66,2024-12-01
788,391,36366.35,9801.15,179.84,2024-09-11
789,363,45171.73,8030.85,3452.05,2024-12-22
790,139,61729.55,8441.86,1948.28,2024-12-31
791,46,73593.88,7392.87,288.23,2025-02-13
792,94,82921.31,7226.78,1902.56,2024-10-23
793,189,32406.4,1045.32,4420.68,2024-10-07
794,111,32089.53,6935.56,3785.32,2025-04-13
795,83,49825.89,2646.14,1732.31,2024-06-21
796,49,36873.1,5711.27,1074.19,2025-01-30
797,460,62879.42,9009.71,2580.76,2025-05-30
798,148,47562.53,1055.81,4811.29,2024-12-26
799,413,89517.44,6462.09,4518.6,2024-12-03
800,123,91248.36,2246.17,3115.33,2025-06-08
801,287,36713.03,3676.62,1131.23,2024-07-04
802,333,75605.34,3409.74,1277.45,2024-07-31
803,214,68497.56,2151.64,2035.86,2024-06-21
804,373,32553.54,4034.28,4926.17,2025-04-26
805,166,96513.46,2463.88,3220.43,2024-07-12
806,308,57831.7,8767.87,1416.54,2024-09-13
807,150,66598.96,8944.49,3158.35,2024-11-13
808,121,79920.85,2276.77,1367.78,2024-06-20
809,391,95588.55,334.03,2713.26,2024-12-23
810,460,93384.57,9867.36,484.7,2024-08-17
811,223,86408.8,8666.38,1363.43,2025-03-06
812,148,65269.5,7903.72,4074.92,2025-05-19
813,143,83527.34,2733.05,4042.37,2024-08-05
814,403,71179.85,1923.3,2913.38,2024-08-19
815,203,75584.43,710.59,4338.98,2024-12-01
816,436,76817.13,9111.32,2422.18,2024-08-25
817,205,91724.39,251.84,2111.17,2025-03-19
818,93,73478.5,2789.21,26.28,2024-12-04
819,490,83610.65,133.83,3726.49,2024-11-02
820,481,83832.57,9595.18,1403.01,2025-01-09
821,459,74885.17,1224.87,3926.68,2024-10-30
822,31,63513.54,2644.61,1743.92,2025-02-08
823,338,54970.99,8164.44,1559.5,2025-01-29
824,307,46570.6,9664.0,352.64,2024-10-01
825,141,38580.87,4776.79,1075.92,2025-01-31
826,479,72161.12,3870.29,434.34,2024-12-24
827,278,95968.86,4752.86,4178.47,2025-01-31
828,258,99841.84,9715.09,4907.67,2024-10-01
829,390,42793.86,9875.37,292.87,2024-08-03
830,500,97058.72,8979.62,4829.86,2025-05-01
831,226,68295.13,213.0,1324.33,2024-10-17
832,415,96857.93,9435.25,3483.13,2024-07-02
833,233,42917.6,7810.93,1413.11,2025-04-18
834,74,39719.88,3033.23,4225.16,2025-05-07
835,42,57517.66,879.92,863.5,2024-10-11
836,270,71226.78,519.33,1788.77,2024-10-14
837,471,99060.38,8236.16,2694.55,2025-02-08
838,355,66032.12,3133.24,2357.34,2025-02-21
839,492,69895.11,6278.4,3656.13,2025-02-25
840,246,95498.89,7387.63,4275.07,2024-10-19
841,360,99069.26,829.04,4530.76,2025-03-05
842,391,82921.75,7047.49,3766.82,2025-04-24
843,401,31140.83,8227.38,3501.35,2024-08-26
844,486,86714.26,9419.18,2748.96,2024-10-23
845,77,90238.27,669.38,3888.05,2024-08-09
846,482,63149.8,5842.19,4007.86,2025-01-01
847,464,96750.43,5845.82,1702.7,2024-07-31
848,154,48922.74,3681.16,3551.66,2025-06-17
849,44,63890.23,2503.12,4007.49,2024-08-13
850,152,86706.22,6186.57,1859.65,2025-05-25
851,118,35536.41,9771.94,45.66,2025-02-23
852,31,93321.39,3050.36,2065.95,2024-11-28
853,488,52033.58,4112.37,2985.29,2025-04-10
854,427,96680.99,480.4,680.96,2024-12-22
855,257,31371.05,9748.21,2544.88,2025-05-02
856,272,37418.48,1409.31,2942.59,2025-04-06
857,458,56283.18,6354.15,1177.46,2024-08-18
858,55,53317.55,6407.43,2898.01,2024-09-13
859,218,38453.03,8621.13,1751.61,2025-03-31
860,38,83072.54,8460.77,1092.95,2024-11-01
861,70,70834.29,3422.67,1978.69,2024-07-21
862,43,95445.02,6254.61,4392.66,2025-06-09
863,9,67742.06,5159.47,4351.26,2024-11-04
864,36,82645.04,7396.15,2392.06,2024-12-13
865,212,39517.6,4043.76,2533.51,2025-01-24
866,452,34541.33,1856.24,3785.57,2025-03-29
867,246,87336.36,7780.17,889.89,2025-01-02
868,84,61862.74,5111.26,3828.59,2025-05-06
869,457,38274.73,1058.44,3527.46,2024-11-26
870,108,37641.58,8089.33,606.16,2025-01-13
871,406,90201.14,3680.02,1666.61,2025-03-15
872,190,46614.58,6432.97,3326.91,2024-09-19
873,476,74370.58,6322.99,4239.75,2024-07-25
874,264,96532.23,9124.21,2389.65,2024-07-01
875,163,77255.19,6403.17,1799.17,2025-01-21
876,324,58285.62,9625.61,489.77,2025-06-20
877,82,53391.45,7404.45,4416.41,2024-09-09
878,132,96617.95,8729.62,2447.92,2025-04-23
879,174,50073.54,5887.22,1425.48,2024-10-02
880,418,31203.39,1907.57,792.99,2025-05-26
881,376,94554.2,7774.45,1290.43,2024-12-31
882,361,69150.2,2471.77,4137.49,2024-07-11
883,105,42934.69,3270.51,824.55,2025-02-13
884,489,35809.57,9100.07,2169.47,2025-04-12
885,492,88784.79,585.2,4686.37,2024-10-24
886,395,82814.33,5164.07,3031.19,2024-06-24
887,237,92210.81,3769.0,3308.8,2024-09-08
888,467,67482.62,5345.35,2278.89,2025-01-06
889,85,77301.6,2104.3,3338.94,2025-04-11
890,230,69335.12,8870.67,1364.04,2025-01-07
891,487,54617.84,2548.22,3944.35,2025-05-20
892,481,38575.04,901.32,4415.73,2024-08-18
893,488,71629.34,8406.11,1849.82,2024-06-29
894,190,81726.74,2425.26,4600.3,2024-11-28
895,321,42063.61,2235.0,4214.6,2025-03-06
896,377,30581.26,5417.11,2915.0,2025-06-05
897,76,70531.96,1922.85,1486.78,2025-01-20
898,320,65837.84,2026.02,3348.98,2024-06-28
899,178,87877.99,7818.1,1102.13,2025-05-28
900,213,96130.81,7669.26,2697.13,2025-03-21
901,33,45048.31,3354.51,4116.92,2025-05-10
902,383,50120.07,8314.04,4472.96,2025-04-29
903,350,92725.78,6148.69,4641.86,2024-07-09
904,28,30439.43,9683.12,2318.53,2024-10-23
905,107,50086.08,6865.48,1321.99,2025-01-06
906,282,86515.54,4303.79,333.61,2025-02-09
907,277,87222.98,2285.05,413.95,2024-06-20
908,26,40439.4,1584.54,3192.56,2024-09-04
909,98,77040.53,9779.05,3149.27,2025-05-26
910,343,98314.76,3486.08,1649.74,2024-08-07
911,160,75052.68,4266.07,796.15,2025-03-10
912,25,62924.74,8439.0,4716.06,2024-10-17
913,495,43257.7,3987.79,4871.55,2025-05-05
914,10,97596.28,5422.45,4282.05,2025-05-31
915,176,87048.72,1672.49,2524.42,2024-10-21
916,8,92021.71,9807.37,634.26,2024-11-12
917,78,36358.84,6740.53,2753.66,2024-12-31
918,228,73271.08,2141.7,359.95,2025-06-18
919,238,57053.92,7846.48,2220.67,2024-06-20
920,120,87766.82,6553.99,4290.52,2024-07-07
921,478,42381.2,3405.36,804.44,2025-05-29
922,247,36109.74,1609.71,4382.73,2025-06-06
923,484,43884.08,7591.31,4049.94,2025-01-18
924,160,96755.52,9861.98,4976.64,2024-10-17
925,481,67981.37,4001.46,3714.52,2025-05-31
926,269,58638.36,7310.17,2635.07,2025-06-05
927,256,65402.42,8747.38,614.34,2025-02-24
928,212,55348.06,6001.54,3860.34,2024-08-19
929,274,36694.33,46.92,3553.98,2025-03-30
930,405,57431.78,5167.36,850.52,2024-06-27
931,429,69184.64,4668.16,392.44,2024-10-18
932,51,64257.92,8757.87,5.44,2025-02-11
933,245,39008.03,1378.53,873.74,2025-05-13
934,470,62788.55,2881.61,1556.29,2024-08-03
935,282,80863.33,5675.61,1013.7,2025-05-01
936,40,87456.54,9932.89,1186.99,2024-08-21
937,378,34605.79,853.16,523.86,2024-09-21
938,395,81022.04,7133.95,1332.67,2025-05-11
939,112,62124.61,2701.47,2543.49,2025-06-19
940,108,43292.36,3340.75,4123.82,2024-10-23
941,489,96162.77,1658.61,3771.11,2024-10-22
942,39,43619.38,2576.58,3692.94,2025-05-08
943,458,33336.88,5063.63,1915.11,2024-09-01
944,356,79865.51,1238.97,2675.37,2024-12-01
945,181,39961.86,998.51,1166.32,2024-07-15
946,200,68064.65,7599.71,1897.83,2024-09-19
947,90,31197.46,8256.59,923.37,2025-05-26
948,63,60834.84,4899.11,3823.06,2025-04-05
949,147,55505.32,7712.42,3400.34,2024-07-31
950,313,80132.9,1130.25,4364.63,2025-01-18
951,180,65925.17,8179.59,4566.91,2024-10-15
952,305,46680.39,6180.83,811.4,2025-03-08
953,240,90689.35,3485.57,926.35,2024-07-31
954,36,70740.76,588.76,4836.22,2024-12-24
955,428,42824.75,4215.64,4531.54,2025-06-11
956,125,93750.57,2350.88,3843.77,2024-06-27
957,161,31200.58,5058.84,2407.07,2025-01-21
958,140,32270.81,9911.45,226.7,2025-03-14
959,435,78388.37,2700.73,1685.96,2025-05-17
960,372,96484.24,6702.32,4265.63,2025-03-10
961,251,70185.48,3542.47,2168.81,2024-07-27
962,287,44357.5,809.6,929.05,2024-07-20
963,82,79950.8,6632.22,2721.71,2024-11-18
964,65,35852.15,8010.82,2489.54,2024-10-23
965,431,60364.42,363.55,2321.19,2025-02-17
966,266,40067.98,4809.39,1198.45,2024-07-02
967,428,70048.95,5064.12,1102.01,2024-10-05
968,428,79332.46,3339.09,71.16,2024-07-12
969,274,95061.18,1647.73,4422.99,2025-02-03
970,149,82687.05,8938.72,4464.65,2025-05-10
971,233,96536.35,5620.22,1365.39,2024-10-18
972,474,90975.7,7476.04,2822.69,2024-12-03
973,298,90214.21,1739.2,4481.0,2025-02-23
974,444,77318.88,8614.96,4503.26,2025-05-27
975,136,82035.59,6957.81,1834.15,2024-08-15
976,234,41835.05,2009.07,4407.62,2025-02-08
977,92,81516.35,6868.78,3615.13,2025-01-28
978,184,67815.54,580.99,2978.72,2025-04-23
979,275,96577.93,7139.53,977.35,2024-10-08
980,356,61864.03,662.96,3016.83,2025-03-11
981,41,54049.49,849.76,683.41,2024-07-20
982,252,62025.7,139.6,3430.27,2025-03-02
983,230,82733.71,5022.78,1086.34,2025-04-28
984,312,80410.12,1822.05,3508.75,2024-11-07
985,396,50245.82,5704.42,3454.87,2024-08-12
986,383,99237.42,4646.49,3126.89,2024-11-17
987,12,79173.43,1944.99,545.03,2024-09-23
988,32,99643.49,4215.85,4821.76,2025-03-28
989,180,61243.5,8843.97,2261.47,2024-08-09
990,416,58628.96,8141.37,3460.47,2025-01-29
991,398,50757.53,5759.67,1646.7,2024-08-31
992,374,83368.22,9765.33,4360.9,2024-10-03
993,426,54252.91,1900.06,2153.52,2024-12-22
994,500,49579.69,6917.96,4120.19,2024-07-03
995,272,52249.97,9400.01,726.5,2024-10-06
996,162,36469.55,2704.37,4967.24,2025-05-07
997,441,95533.95,4425.97,3254.7,2025-03-11
998,392,92895.49,2208.74,2736.79,2024-12-19
999,273,47969.01,4668.57,2399.16,2024-11-12
1000,91,51959.79,7101.12,4024.92,2025-01-23
